{
    "file": "Ap1Bigheights-CFG.java",
    "nodes": [
        {
            "id": "a2",
            "line": "8-9-11",
            "label": "int bigHeights(int[] heights, int start, int end)\tint count = 0\tint i = start"
        },
        {
            "id": 3,
            "line": 11,
            "label": "for (i < end)"
        },
        {
            "id": "a3",
            "line": "0-16",
            "label": "endfor\treturn count;"
        },
        {
            "id": 6,
            "line": 12,
            "label": "if (Math.abs(heights[i] - heights[i+1]) >= 5)"
        },
        {
            "id": 7,
            "line": 13,
            "label": "count++"
        },
        {
            "id": "a4",
            "line": "0-11",
            "label": "endif\ti++"
        }
    ],
    "edges": [
        {
            "id": 2,
            "source": "a2",
            "target": 3,
            "label": ""
        },
        {
            "id": 3,
            "source": 3,
            "target": "a3",
            "label": "False"
        },
        {
            "id": 4,
            "source": 3,
            "target": 6,
            "label": "True"
        },
        {
            "id": 5,
            "source": 6,
            "target": 7,
            "label": "True"
        },
        {
            "id": 6,
            "source": 7,
            "target": "a4",
            "label": ""
        },
        {
            "id": 7,
            "source": 6,
            "target": "a4",
            "label": "False"
        },
        {
            "id": 9,
            "source": "a4",
            "target": 3,
            "label": ""
        }
    ]
}