{
    "file": "Ap1Copyendy-CFG.java",
    "nodes": [
        {
            "id": "a3",
            "line": "9-10-11-13",
            "label": "int[] copyEndy(int[] nums, int count)\tint[] arr = new int[count]\tint index = 0\tint i = 0"
        },
        {
            "id": 4,
            "line": 13,
            "label": "for (index < count)"
        },
        {
            "id": "a4",
            "line": "0-20",
            "label": "endfor\treturn arr;"
        },
        {
            "id": 7,
            "line": 14,
            "label": "if (isEndy(nums[i]))"
        },
        {
            "id": "a5",
            "line": "15-16",
            "label": "arr[index] = nums[i]\tindex++"
        },
        {
            "id": 12,
            "line": 23,
            "label": "boolean isEndy(int n)"
        },
        {
            "id": "a6",
            "line": "0-13",
            "label": "endif\ti++"
        },
        {
            "id": 13,
            "line": 24,
            "label": "return 0 <= n && n <= 10 || 90 <= n && n <= 100;"
        }
    ],
    "edges": [
        {
            "id": 3,
            "source": "a3",
            "target": 4,
            "label": ""
        },
        {
            "id": 4,
            "source": 4,
            "target": "a4",
            "label": "False"
        },
        {
            "id": 5,
            "source": 4,
            "target": 7,
            "label": "True"
        },
        {
            "id": 6,
            "source": 7,
            "target": "a5",
            "label": "True"
        },
        {
            "id": 8,
            "source": "a5",
            "target": "a6",
            "label": ""
        },
        {
            "id": 9,
            "source": 7,
            "target": "a6",
            "label": "False"
        },
        {
            "id": 11,
            "source": "a6",
            "target": 4,
            "label": ""
        },
        {
            "id": 13,
            "source": 12,
            "target": 13,
            "label": ""
        }
    ]
}