{
    "file": "Ap1Scoresclump-CFG.java",
    "nodes": [
        {
            "id": "a1",
            "line": "6-7",
            "label": "boolean scoresClump(int[] scores)\tint i = 0"
        },
        {
            "id": 2,
            "line": 7,
            "label": "for (i <= scores.length - 3)"
        },
        {
            "id": "a2",
            "line": "0-12",
            "label": "endfor\treturn false;"
        },
        {
            "id": 5,
            "line": 8,
            "label": "if (scores[i+2] - scores[i] <= 2)"
        },
        {
            "id": 6,
            "line": 9,
            "label": "return true;"
        },
        {
            "id": "a3",
            "line": "0-7",
            "label": "endif\ti++"
        }
    ],
    "edges": [
        {
            "id": 1,
            "source": "a1",
            "target": 2,
            "label": ""
        },
        {
            "id": 2,
            "source": 2,
            "target": "a2",
            "label": "False"
        },
        {
            "id": 3,
            "source": 2,
            "target": 5,
            "label": "True"
        },
        {
            "id": 4,
            "source": 5,
            "target": 6,
            "label": "True"
        },
        {
            "id": 5,
            "source": 5,
            "target": "a3",
            "label": "False"
        },
        {
            "id": 7,
            "source": "a3",
            "target": 2,
            "label": ""
        }
    ]
}