{
    "file": "Ap1Sumheights2-CFG.java",
    "nodes": [
        {
            "id": "a2",
            "line": "10-11-13",
            "label": "int sumHeights2(int[] heights, int start, int end)\tint sum = 0\tint i = start"
        },
        {
            "id": 3,
            "line": 13,
            "label": "for (i < end)"
        },
        {
            "id": "a3",
            "line": "0-20",
            "label": "endfor\treturn sum;"
        },
        {
            "id": 6,
            "line": 14,
            "label": "if (heights[i] < heights[i+1])"
        },
        {
            "id": 7,
            "line": 15,
            "label": "sum = sum + 2 * (heights[i+1] - heights[i])"
        },
        {
            "id": 9,
            "line": 17,
            "label": "sum = sum + heights[i] - heights[i+1]"
        },
        {
            "id": "a4",
            "line": "0-13",
            "label": "endif\ti++"
        }
    ],
    "edges": [
        {
            "id": 2,
            "source": "a2",
            "target": 3,
            "label": ""
        },
        {
            "id": 3,
            "source": 3,
            "target": "a3",
            "label": "False"
        },
        {
            "id": 4,
            "source": 3,
            "target": 6,
            "label": "True"
        },
        {
            "id": 5,
            "source": 6,
            "target": 7,
            "label": "True"
        },
        {
            "id": 6,
            "source": 7,
            "target": "a4",
            "label": ""
        },
        {
            "id": 7,
            "source": 6,
            "target": 9,
            "label": "False"
        },
        {
            "id": 8,
            "source": 9,
            "target": "a4",
            "label": ""
        },
        {
            "id": 10,
            "source": "a4",
            "target": 3,
            "label": ""
        }
    ]
}