{
    "file": "Array2Sameends-CFG.java",
    "nodes": [
        {
            "id": "a1",
            "line": "7-8",
            "label": "boolean sameEnds(int[] nums, int len)\tint i = 0"
        },
        {
            "id": 2,
            "line": 8,
            "label": "for (i < len)"
        },
        {
            "id": "a2",
            "line": "0-13",
            "label": "endfor\treturn true;"
        },
        {
            "id": 5,
            "line": 9,
            "label": "if (nums[i] != nums[nums.length - len + i])"
        },
        {
            "id": 6,
            "line": 10,
            "label": "return false;"
        },
        {
            "id": "a3",
            "line": "0-8",
            "label": "endif\ti++"
        }
    ],
    "edges": [
        {
            "id": 1,
            "source": "a1",
            "target": 2,
            "label": ""
        },
        {
            "id": 2,
            "source": 2,
            "target": "a2",
            "label": "False"
        },
        {
            "id": 3,
            "source": 2,
            "target": 5,
            "label": "True"
        },
        {
            "id": 4,
            "source": 5,
            "target": 6,
            "label": "True"
        },
        {
            "id": 5,
            "source": 5,
            "target": "a3",
            "label": "False"
        },
        {
            "id": 7,
            "source": "a3",
            "target": 2,
            "label": ""
        }
    ]
}