{
    "file": "Array1Fix23-CFG.java",
    "nodes": [
        {
            "id": "a1",
            "line": "5-6",
            "label": "int[] fix23(int[] nums)\tint i = 0"
        },
        {
            "id": 2,
            "line": 6,
            "label": "for (i < nums.length - 1)"
        },
        {
            "id": "a2",
            "line": "0-11",
            "label": "endfor\treturn nums;"
        },
        {
            "id": 5,
            "line": 7,
            "label": "if (nums[i] == 2 && nums[i + 1] == 3)"
        },
        {
            "id": 6,
            "line": 8,
            "label": "nums[i + 1] = 0"
        },
        {
            "id": "a3",
            "line": "0-6",
            "label": "endif\ti++"
        }
    ],
    "edges": [
        {
            "id": 1,
            "source": "a1",
            "target": 2,
            "label": ""
        },
        {
            "id": 2,
            "source": 2,
            "target": "a2",
            "label": "False"
        },
        {
            "id": 3,
            "source": 2,
            "target": 5,
            "label": "True"
        },
        {
            "id": 4,
            "source": 5,
            "target": 6,
            "label": "True"
        },
        {
            "id": 5,
            "source": 6,
            "target": "a3",
            "label": ""
        },
        {
            "id": 6,
            "source": 5,
            "target": "a3",
            "label": "False"
        },
        {
            "id": 8,
            "source": "a3",
            "target": 2,
            "label": ""
        }
    ]
}