{
    "file": "Array2Fizzarray3-CFG.java",
    "nodes": [
        {
            "id": "a2",
            "line": "7-8-10",
            "label": "int[] fizzArray3(int start, int end)\tint[] arr = new int[end - start]\tint i = start"
        },
        {
            "id": 3,
            "line": 10,
            "label": "for (i < end)"
        },
        {
            "id": "a3",
            "line": "0-13",
            "label": "endfor\treturn arr;"
        },
        {
            "id": "a4",
            "line": "11-10",
            "label": "arr[i - start] = i\ti++"
        }
    ],
    "edges": [
        {
            "id": 2,
            "source": "a2",
            "target": 3,
            "label": ""
        },
        {
            "id": 3,
            "source": 3,
            "target": "a3",
            "label": "False"
        },
        {
            "id": 4,
            "source": 3,
            "target": "a4",
            "label": "True"
        },
        {
            "id": 6,
            "source": "a4",
            "target": 3,
            "label": ""
        }
    ]
}