{
    "file": "Array1Biggertwo-CFG.java",
    "nodes": [
        {
            "id": "a1",
            "line": "6-7",
            "label": "int[] biggerTwo(int[] a, int[] b)\tif (a[0] + a[1] < b[0] + b[1])"
        },
        {
            "id": 2,
            "line": 8,
            "label": "return b;"
        },
        {
            "id": "a2",
            "line": "0-10",
            "label": "endif\treturn a;"
        }
    ],
    "edges": [
        {
            "id": 1,
            "source": "a1",
            "target": 2,
            "label": "True"
        },
        {
            "id": 2,
            "source": "a1",
            "target": "a2",
            "label": "False"
        }
    ]
}