{
    "file": "Array1Unlucky1-CFG.java",
    "nodes": [
        {
            "id": "a1",
            "line": "6-7",
            "label": "boolean unlucky1(int[] nums)\tif (nums.length >= 2 && (nums[0] == 1 && nums[1] == 3 || nums[nums.length - 2] == 1 && nums[nums.length - 1] == 3))"
        },
        {
            "id": 2,
            "line": 10,
            "label": "return true;"
        },
        {
            "id": "a2",
            "line": "0-12",
            "label": "endif\tif (nums.length >= 3 && nums[1] == 1 && nums[2] == 3)"
        },
        {
            "id": 5,
            "line": 13,
            "label": "return true;"
        },
        {
            "id": "a3",
            "line": "0-15",
            "label": "endif\treturn false;"
        }
    ],
    "edges": [
        {
            "id": 1,
            "source": "a1",
            "target": 2,
            "label": "True"
        },
        {
            "id": 2,
            "source": "a1",
            "target": "a2",
            "label": "False"
        },
        {
            "id": 4,
            "source": "a2",
            "target": 5,
            "label": "True"
        },
        {
            "id": 5,
            "source": "a2",
            "target": "a3",
            "label": "False"
        }
    ]
}