{
    "file": "Array3Countclumps-CFG.java",
    "nodes": [
        {
            "id": "a2",
            "line": "5-6-7",
            "label": "int countClumps(int[] nums)\tint count = 0\tint i = 0"
        },
        {
            "id": 3,
            "line": 9,
            "label": "while (i < nums.length)"
        },
        {
            "id": "a3",
            "line": "0-22",
            "label": "endwhile\treturn count;"
        },
        {
            "id": "a5",
            "line": "10-11-12",
            "label": "int val = nums[i]\ti++\tint length = 1"
        },
        {
            "id": 8,
            "line": 13,
            "label": "while (i < nums.length && nums[i] == val)"
        },
        {
            "id": "a6",
            "line": "0-18",
            "label": "endwhile\tif (length > 1)"
        },
        {
            "id": "a7",
            "line": "14-15",
            "label": "i++\tlength++"
        },
        {
            "id": 13,
            "line": 19,
            "label": "count++"
        },
        {
            "id": 14,
            "line": 0,
            "label": "endif"
        }
    ],
    "edges": [
        {
            "id": 2,
            "source": "a2",
            "target": 3,
            "label": ""
        },
        {
            "id": 3,
            "source": 3,
            "target": "a3",
            "label": "False"
        },
        {
            "id": 4,
            "source": 3,
            "target": "a5",
            "label": "True"
        },
        {
            "id": 7,
            "source": "a5",
            "target": 8,
            "label": ""
        },
        {
            "id": 8,
            "source": 8,
            "target": "a6",
            "label": "False"
        },
        {
            "id": 9,
            "source": 8,
            "target": "a7",
            "label": "True"
        },
        {
            "id": 11,
            "source": "a7",
            "target": 8,
            "label": ""
        },
        {
            "id": 13,
            "source": "a6",
            "target": 13,
            "label": "True"
        },
        {
            "id": 14,
            "source": 13,
            "target": 14,
            "label": ""
        },
        {
            "id": 15,
            "source": "a6",
            "target": 14,
            "label": "False"
        },
        {
            "id": 16,
            "source": 14,
            "target": 3,
            "label": ""
        }
    ]
}