{
    "file": "Array1Make2-CFG.java",
    "nodes": [
        {
            "id": "a4",
            "line": "7-8-9-10-12",
            "label": "int[] make2(int[] a, int[] b)\tint[] arr = new int[2]\tint count = 0\tint i\ti = 0"
        },
        {
            "id": 5,
            "line": 13,
            "label": "while (count < 2 && i < a.length)"
        },
        {
            "id": "a5",
            "line": "0-19",
            "label": "endwhile\ti = 0"
        },
        {
            "id": "a7",
            "line": "14-15-16",
            "label": "arr[count] = a[i]\tcount++\ti++"
        },
        {
            "id": 11,
            "line": 20,
            "label": "while (count < 2 && i < b.length)"
        },
        {
            "id": "a8",
            "line": "0-26",
            "label": "endwhile\treturn arr;"
        },
        {
            "id": "a10",
            "line": "21-22-23",
            "label": "arr[count] = b[i]\tcount++\ti++"
        }
    ],
    "edges": [
        {
            "id": 4,
            "source": "a4",
            "target": 5,
            "label": ""
        },
        {
            "id": 5,
            "source": 5,
            "target": "a5",
            "label": "False"
        },
        {
            "id": 6,
            "source": 5,
            "target": "a7",
            "label": "True"
        },
        {
            "id": 9,
            "source": "a7",
            "target": 5,
            "label": ""
        },
        {
            "id": 11,
            "source": "a5",
            "target": 11,
            "label": ""
        },
        {
            "id": 12,
            "source": 11,
            "target": "a8",
            "label": "False"
        },
        {
            "id": 13,
            "source": 11,
            "target": "a10",
            "label": "True"
        },
        {
            "id": 16,
            "source": "a10",
            "target": 11,
            "label": ""
        }
    ]
}