{
    "file": "Array3Maxmirror-CFG.java",
    "nodes": [
        {
            "id": "a2",
            "line": "8-9-11",
            "label": "int maxMirror(int[] nums)\tint max = 0\tint i = 0"
        },
        {
            "id": 3,
            "line": 11,
            "label": "for (i < nums.length)"
        },
        {
            "id": "a3",
            "line": "0-25",
            "label": "endfor\treturn max;"
        },
        {
            "id": "a4",
            "line": "12-13",
            "label": "int count = 0\tint j = nums.length - 1"
        },
        {
            "id": 8,
            "line": 13,
            "label": "for (j >= 0 && i + count < nums.length)"
        },
        {
            "id": 11,
            "line": 14,
            "label": "if (nums[i + count] == nums[j])"
        },
        {
            "id": "a6",
            "line": "0-22-11",
            "label": "endfor\tmax = Math.max(max, count)\ti++"
        },
        {
            "id": 12,
            "line": 15,
            "label": "count++"
        },
        {
            "id": 14,
            "line": 17,
            "label": "max = Math.max(max, count)"
        },
        {
            "id": "a7",
            "line": "0-13",
            "label": "endif\tj--"
        },
        {
            "id": 15,
            "line": 18,
            "label": "count = 0"
        }
    ],
    "edges": [
        {
            "id": 2,
            "source": "a2",
            "target": 3,
            "label": ""
        },
        {
            "id": 3,
            "source": 3,
            "target": "a3",
            "label": "False"
        },
        {
            "id": 4,
            "source": 3,
            "target": "a4",
            "label": "True"
        },
        {
            "id": 6,
            "source": "a4",
            "target": 8,
            "label": ""
        },
        {
            "id": 7,
            "source": 8,
            "target": "a6",
            "label": "False"
        },
        {
            "id": 8,
            "source": 8,
            "target": 11,
            "label": "True"
        },
        {
            "id": 9,
            "source": 11,
            "target": 12,
            "label": "True"
        },
        {
            "id": 10,
            "source": 12,
            "target": "a7",
            "label": ""
        },
        {
            "id": 11,
            "source": 11,
            "target": 14,
            "label": "False"
        },
        {
            "id": 12,
            "source": 14,
            "target": 15,
            "label": ""
        },
        {
            "id": 13,
            "source": 15,
            "target": "a7",
            "label": ""
        },
        {
            "id": 15,
            "source": "a7",
            "target": 8,
            "label": ""
        },
        {
            "id": 18,
            "source": "a6",
            "target": 3,
            "label": ""
        }
    ]
}