{
    "file": "Array2Has12-CFG.java",
    "nodes": [
        {
            "id": "a2",
            "line": "5-6-8",
            "label": "boolean has12(int[] nums)\tboolean found1 = false\tint i = 0"
        },
        {
            "id": 3,
            "line": 8,
            "label": "for (i < nums.length)"
        },
        {
            "id": "a3",
            "line": "0-16",
            "label": "endfor\treturn false;"
        },
        {
            "id": 6,
            "line": 9,
            "label": "if (nums[i] == 1)"
        },
        {
            "id": 7,
            "line": 10,
            "label": "found1 = true"
        },
        {
            "id": "a4",
            "line": "0-12",
            "label": "endif\tif (found1 && nums[i] == 2)"
        },
        {
            "id": 10,
            "line": 13,
            "label": "return true;"
        },
        {
            "id": "a5",
            "line": "0-8",
            "label": "endif\ti++"
        }
    ],
    "edges": [
        {
            "id": 2,
            "source": "a2",
            "target": 3,
            "label": ""
        },
        {
            "id": 3,
            "source": 3,
            "target": "a3",
            "label": "False"
        },
        {
            "id": 4,
            "source": 3,
            "target": 6,
            "label": "True"
        },
        {
            "id": 5,
            "source": 6,
            "target": 7,
            "label": "True"
        },
        {
            "id": 6,
            "source": 7,
            "target": "a4",
            "label": ""
        },
        {
            "id": 7,
            "source": 6,
            "target": "a4",
            "label": "False"
        },
        {
            "id": 9,
            "source": "a4",
            "target": 10,
            "label": "True"
        },
        {
            "id": 10,
            "source": "a4",
            "target": "a5",
            "label": "False"
        },
        {
            "id": 12,
            "source": "a5",
            "target": 3,
            "label": ""
        }
    ]
}