{
    "file": "Array2Fizzarray-CFG.java",
    "nodes": [
        {
            "id": "a2",
            "line": "8-9-11",
            "label": "int[] fizzArray(int n)\tint[] arr = new int[n]\tint i = 0"
        },
        {
            "id": 3,
            "line": 11,
            "label": "for (i < n)"
        },
        {
            "id": "a3",
            "line": "0-14",
            "label": "endfor\treturn arr;"
        },
        {
            "id": "a4",
            "line": "12-11",
            "label": "arr[i] = i\ti++"
        }
    ],
    "edges": [
        {
            "id": 2,
            "source": "a2",
            "target": 3,
            "label": ""
        },
        {
            "id": 3,
            "source": 3,
            "target": "a3",
            "label": "False"
        },
        {
            "id": 4,
            "source": 3,
            "target": "a4",
            "label": "True"
        },
        {
            "id": 6,
            "source": "a4",
            "target": 3,
            "label": ""
        }
    ]
}