{
    "file": "Array2Modthree-CFG.java",
    "nodes": [
        {
            "id": "a1",
            "line": "5-6",
            "label": "boolean modThree(int[] nums)\tif (nums.length < 3)"
        },
        {
            "id": 2,
            "line": 7,
            "label": "return false;"
        },
        {
            "id": "a2",
            "line": "0-9",
            "label": "endif\tint i = 0"
        },
        {
            "id": 5,
            "line": 9,
            "label": "for (i <= nums.length - 3)"
        },
        {
            "id": "a3",
            "line": "0-14",
            "label": "endfor\treturn false;"
        },
        {
            "id": 8,
            "line": 10,
            "label": "if (nums[i] % 2 == nums[i+1] % 2 && nums[i] % 2 == nums[i+2] % 2)"
        },
        {
            "id": 9,
            "line": 11,
            "label": "return true;"
        },
        {
            "id": "a4",
            "line": "0-9",
            "label": "endif\ti++"
        }
    ],
    "edges": [
        {
            "id": 1,
            "source": "a1",
            "target": 2,
            "label": "True"
        },
        {
            "id": 2,
            "source": "a1",
            "target": "a2",
            "label": "False"
        },
        {
            "id": 4,
            "source": "a2",
            "target": 5,
            "label": ""
        },
        {
            "id": 5,
            "source": 5,
            "target": "a3",
            "label": "False"
        },
        {
            "id": 6,
            "source": 5,
            "target": 8,
            "label": "True"
        },
        {
            "id": 7,
            "source": 8,
            "target": 9,
            "label": "True"
        },
        {
            "id": 8,
            "source": 8,
            "target": "a4",
            "label": "False"
        },
        {
            "id": 10,
            "source": "a4",
            "target": 5,
            "label": ""
        }
    ]
}