{
    "file": "Array1Front11-CFG.java",
    "nodes": [
        {
            "id": "a1",
            "line": "5-6",
            "label": "int[] front11(int[] a, int[] b)\tif (a.length > 0 && b.length > 0)"
        },
        {
            "id": 2,
            "line": 7,
            "label": "return new int[] {a[0], b[0]};"
        },
        {
            "id": 4,
            "line": 8,
            "label": "if (a.length > 0)"
        },
        {
            "id": 5,
            "line": 9,
            "label": "return new int[] {a[0]};"
        },
        {
            "id": 7,
            "line": 10,
            "label": "if (b.length > 0)"
        },
        {
            "id": 8,
            "line": 11,
            "label": "return new int[] {b[0]};"
        },
        {
            "id": "a4",
            "line": "0-0-0-14",
            "label": "endif\tendif\tendif\treturn new int[0];"
        }
    ],
    "edges": [
        {
            "id": 1,
            "source": "a1",
            "target": 2,
            "label": "True"
        },
        {
            "id": 2,
            "source": "a1",
            "target": 4,
            "label": "False"
        },
        {
            "id": 3,
            "source": 4,
            "target": 5,
            "label": "True"
        },
        {
            "id": 4,
            "source": 4,
            "target": 7,
            "label": "False"
        },
        {
            "id": 5,
            "source": 7,
            "target": 8,
            "label": "True"
        },
        {
            "id": 6,
            "source": 7,
            "target": "a4",
            "label": "False"
        }
    ]
}