{
    "file": "Array1Sum2-CFG.java",
    "nodes": [
        {
            "id": "a1",
            "line": "6-7",
            "label": "int sum2(int[] nums)\tif (nums.length == 0)"
        },
        {
            "id": 2,
            "line": 8,
            "label": "return 0;"
        },
        {
            "id": "a2",
            "line": "0-10",
            "label": "endif\tif (nums.length == 1)"
        },
        {
            "id": 5,
            "line": 11,
            "label": "return nums[0];"
        },
        {
            "id": "a3",
            "line": "0-13",
            "label": "endif\treturn nums[0] + nums[1];"
        }
    ],
    "edges": [
        {
            "id": 1,
            "source": "a1",
            "target": 2,
            "label": "True"
        },
        {
            "id": 2,
            "source": "a1",
            "target": "a2",
            "label": "False"
        },
        {
            "id": 4,
            "source": "a2",
            "target": 5,
            "label": "True"
        },
        {
            "id": 5,
            "source": "a2",
            "target": "a3",
            "label": "False"
        }
    ]
}