{
    "file": "Array1Start1-CFG.java",
    "nodes": [
        {
            "id": "a2",
            "line": "5-6-8",
            "label": "int start1(int[] a, int[] b)\tint count = 0\tif (a.length > 0 && a[0] == 1)"
        },
        {
            "id": 3,
            "line": 9,
            "label": "count++"
        },
        {
            "id": "a3",
            "line": "0-11",
            "label": "endif\tif (b.length > 0 && b[0] == 1)"
        },
        {
            "id": 6,
            "line": 12,
            "label": "count++"
        },
        {
            "id": "a4",
            "line": "0-14",
            "label": "endif\treturn count;"
        }
    ],
    "edges": [
        {
            "id": 2,
            "source": "a2",
            "target": 3,
            "label": "True"
        },
        {
            "id": 3,
            "source": 3,
            "target": "a3",
            "label": ""
        },
        {
            "id": 4,
            "source": "a2",
            "target": "a3",
            "label": "False"
        },
        {
            "id": 6,
            "source": "a3",
            "target": 6,
            "label": "True"
        },
        {
            "id": 7,
            "source": 6,
            "target": "a4",
            "label": ""
        },
        {
            "id": 8,
            "source": "a3",
            "target": "a4",
            "label": "False"
        }
    ]
}