{
    "file": "Array2Bigdiff-CFG.java",
    "nodes": [
        {
            "id": "a3",
            "line": "5-6-7-9",
            "label": "int bigDiff(int[] nums)\tint min = nums[0]\tint max = nums[0]\tint i = 1"
        },
        {
            "id": 4,
            "line": 9,
            "label": "for (i < nums.length)"
        },
        {
            "id": "a4",
            "line": "0-14",
            "label": "endfor\treturn max - min;"
        },
        {
            "id": "a6",
            "line": "10-11-9",
            "label": "min = Math.min(min, nums[i])\tmax = Math.max(max, nums[i])\ti++"
        }
    ],
    "edges": [
        {
            "id": 3,
            "source": "a3",
            "target": 4,
            "label": ""
        },
        {
            "id": 4,
            "source": 4,
            "target": "a4",
            "label": "False"
        },
        {
            "id": 5,
            "source": 4,
            "target": "a6",
            "label": "True"
        },
        {
            "id": 8,
            "source": "a6",
            "target": 4,
            "label": ""
        }
    ]
}