{
    "file": "Array2Sum13-CFG.java",
    "nodes": [
        {
            "id": "a2",
            "line": "6-7-8",
            "label": "int sum13(int[] nums)\tint sum = 0\tint i = 0"
        },
        {
            "id": 3,
            "line": 10,
            "label": "while (i < nums.length)"
        },
        {
            "id": "a3",
            "line": "0-19",
            "label": "endwhile\treturn sum;"
        },
        {
            "id": 5,
            "line": 11,
            "label": "if (nums[i] == 13)"
        },
        {
            "id": 6,
            "line": 12,
            "label": "i += 2"
        },
        {
            "id": 7,
            "line": 0,
            "label": "endif"
        },
        {
            "id": "a4",
            "line": "14-15",
            "label": "sum += nums[i]\ti++"
        }
    ],
    "edges": [
        {
            "id": 2,
            "source": "a2",
            "target": 3,
            "label": ""
        },
        {
            "id": 3,
            "source": 3,
            "target": "a3",
            "label": "False"
        },
        {
            "id": 4,
            "source": 3,
            "target": 5,
            "label": "True"
        },
        {
            "id": 5,
            "source": 5,
            "target": 6,
            "label": "True"
        },
        {
            "id": 6,
            "source": 6,
            "target": 7,
            "label": ""
        },
        {
            "id": 7,
            "source": 5,
            "target": "a4",
            "label": "False"
        },
        {
            "id": 9,
            "source": "a4",
            "target": 7,
            "label": ""
        },
        {
            "id": 10,
            "source": 7,
            "target": 3,
            "label": ""
        }
    ]
}