{
    "file": "Array2Either24-CFG.java",
    "nodes": [
        {
            "id": "a3",
            "line": "5-6-7-9",
            "label": "boolean either24(int[] nums)\tboolean has22 = false\tboolean has44 = false\tint i = 0"
        },
        {
            "id": 4,
            "line": 9,
            "label": "for (i < nums.length - 1)"
        },
        {
            "id": "a4",
            "line": "0-17",
            "label": "endfor\treturn has22 != has44;"
        },
        {
            "id": 7,
            "line": 10,
            "label": "if (nums[i] == 2 && nums[i+1] == 2)"
        },
        {
            "id": 8,
            "line": 11,
            "label": "has22 = true"
        },
        {
            "id": "a5",
            "line": "0-13",
            "label": "endif\tif (nums[i] == 4 && nums[i+1] == 4)"
        },
        {
            "id": 11,
            "line": 14,
            "label": "has44 = true"
        },
        {
            "id": "a6",
            "line": "0-9",
            "label": "endif\ti++"
        }
    ],
    "edges": [
        {
            "id": 3,
            "source": "a3",
            "target": 4,
            "label": ""
        },
        {
            "id": 4,
            "source": 4,
            "target": "a4",
            "label": "False"
        },
        {
            "id": 5,
            "source": 4,
            "target": 7,
            "label": "True"
        },
        {
            "id": 6,
            "source": 7,
            "target": 8,
            "label": "True"
        },
        {
            "id": 7,
            "source": 8,
            "target": "a5",
            "label": ""
        },
        {
            "id": 8,
            "source": 7,
            "target": "a5",
            "label": "False"
        },
        {
            "id": 10,
            "source": "a5",
            "target": 11,
            "label": "True"
        },
        {
            "id": 11,
            "source": 11,
            "target": "a6",
            "label": ""
        },
        {
            "id": 12,
            "source": "a5",
            "target": "a6",
            "label": "False"
        },
        {
            "id": 14,
            "source": "a6",
            "target": 4,
            "label": ""
        }
    ]
}