{
    "file": "Array2Evenodd-CFG.java",
    "nodes": [
        {
            "id": "a1",
            "line": "7-8",
            "label": "int[] evenOdd(int[] nums)\tint i = 0"
        },
        {
            "id": 2,
            "line": 10,
            "label": "while (i < nums.length && nums[i] % 2 == 0)"
        },
        {
            "id": "a2",
            "line": "0-13",
            "label": "endwhile\tint j = i + 1"
        },
        {
            "id": 4,
            "line": 11,
            "label": "i++"
        },
        {
            "id": 6,
            "line": 13,
            "label": "for (j < nums.length)"
        },
        {
            "id": "a3",
            "line": "0-22",
            "label": "endfor\treturn nums;"
        },
        {
            "id": 9,
            "line": 14,
            "label": "if (nums[j] % 2 == 0)"
        },
        {
            "id": "a6",
            "line": "15-16-17-18",
            "label": "int temp = nums[i]\tnums[i] = nums[j]\tnums[j] = temp\ti++"
        },
        {
            "id": "a7",
            "line": "0-13",
            "label": "endif\tj++"
        }
    ],
    "edges": [
        {
            "id": 1,
            "source": "a1",
            "target": 2,
            "label": ""
        },
        {
            "id": 2,
            "source": 2,
            "target": "a2",
            "label": "False"
        },
        {
            "id": 3,
            "source": 2,
            "target": 4,
            "label": "True"
        },
        {
            "id": 4,
            "source": 4,
            "target": 2,
            "label": ""
        },
        {
            "id": 6,
            "source": "a2",
            "target": 6,
            "label": ""
        },
        {
            "id": 7,
            "source": 6,
            "target": "a3",
            "label": "False"
        },
        {
            "id": 8,
            "source": 6,
            "target": 9,
            "label": "True"
        },
        {
            "id": 9,
            "source": 9,
            "target": "a6",
            "label": "True"
        },
        {
            "id": 13,
            "source": "a6",
            "target": "a7",
            "label": ""
        },
        {
            "id": 14,
            "source": 9,
            "target": "a7",
            "label": "False"
        },
        {
            "id": 16,
            "source": "a7",
            "target": 6,
            "label": ""
        }
    ]
}