{
    "file": "Array2Sum67-CFG.java",
    "nodes": [
        {
            "id": "a3",
            "line": "6-7-8-10",
            "label": "int sum67(int[] nums)\tint sum = 0\tboolean inRange = false\tint i = 0"
        },
        {
            "id": 4,
            "line": 10,
            "label": "for (i < nums.length)"
        },
        {
            "id": "a4",
            "line": "0-22",
            "label": "endfor\treturn sum;"
        },
        {
            "id": 7,
            "line": 11,
            "label": "if (nums[i] == 6)"
        },
        {
            "id": 8,
            "line": 12,
            "label": "inRange = true"
        },
        {
            "id": "a5",
            "line": "0-14",
            "label": "endif\tif (!inRange)"
        },
        {
            "id": 11,
            "line": 15,
            "label": "sum += nums[i]"
        },
        {
            "id": "a6",
            "line": "0-17",
            "label": "endif\tif (inRange && nums[i] == 7)"
        },
        {
            "id": 14,
            "line": 18,
            "label": "inRange = false"
        },
        {
            "id": "a7",
            "line": "0-10",
            "label": "endif\ti++"
        }
    ],
    "edges": [
        {
            "id": 3,
            "source": "a3",
            "target": 4,
            "label": ""
        },
        {
            "id": 4,
            "source": 4,
            "target": "a4",
            "label": "False"
        },
        {
            "id": 5,
            "source": 4,
            "target": 7,
            "label": "True"
        },
        {
            "id": 6,
            "source": 7,
            "target": 8,
            "label": "True"
        },
        {
            "id": 7,
            "source": 8,
            "target": "a5",
            "label": ""
        },
        {
            "id": 8,
            "source": 7,
            "target": "a5",
            "label": "False"
        },
        {
            "id": 10,
            "source": "a5",
            "target": 11,
            "label": "True"
        },
        {
            "id": 11,
            "source": 11,
            "target": "a6",
            "label": ""
        },
        {
            "id": 12,
            "source": "a5",
            "target": "a6",
            "label": "False"
        },
        {
            "id": 14,
            "source": "a6",
            "target": 14,
            "label": "True"
        },
        {
            "id": 15,
            "source": 14,
            "target": "a7",
            "label": ""
        },
        {
            "id": 16,
            "source": "a6",
            "target": "a7",
            "label": "False"
        },
        {
            "id": 18,
            "source": "a7",
            "target": 4,
            "label": ""
        }
    ]
}