{
    "file": "Array2Centeredaverage-CFG.java",
    "nodes": [
        {
            "id": "a4",
            "line": "9-10-11-12-14",
            "label": "int centeredAverage(int[] nums)\tint sum = 0\tint min = nums[0]\tint max = nums[0]\tint i = 0"
        },
        {
            "id": 5,
            "line": 14,
            "label": "for (i < nums.length)"
        },
        {
            "id": "a5",
            "line": "0-20",
            "label": "endfor\treturn (sum - min - max) / (nums.length - 2);"
        },
        {
            "id": "a8",
            "line": "15-16-17-14",
            "label": "sum += nums[i]\tmin = Math.min(min, nums[i])\tmax = Math.max(max, nums[i])\ti++"
        }
    ],
    "edges": [
        {
            "id": 4,
            "source": "a4",
            "target": 5,
            "label": ""
        },
        {
            "id": 5,
            "source": 5,
            "target": "a5",
            "label": "False"
        },
        {
            "id": 6,
            "source": 5,
            "target": "a8",
            "label": "True"
        },
        {
            "id": 10,
            "source": "a8",
            "target": 5,
            "label": ""
        }
    ]
}