{
    "file": "Array2Fizzarray2-CFG.java",
    "nodes": [
        {
            "id": "a2",
            "line": "6-7-9",
            "label": "String[] fizzArray2(int n)\tString[] arr = new String[n]\tint i = 0"
        },
        {
            "id": 3,
            "line": 9,
            "label": "for (i < n)"
        },
        {
            "id": "a3",
            "line": "0-12",
            "label": "endfor\treturn arr;"
        },
        {
            "id": "a4",
            "line": "10-9",
            "label": "arr[i] = String.valueOf(i)\ti++"
        }
    ],
    "edges": [
        {
            "id": 2,
            "source": "a2",
            "target": 3,
            "label": ""
        },
        {
            "id": 3,
            "source": 3,
            "target": "a3",
            "label": "False"
        },
        {
            "id": 4,
            "source": 3,
            "target": "a4",
            "label": "True"
        },
        {
            "id": 6,
            "source": "a4",
            "target": 3,
            "label": ""
        }
    ]
}