{
    "file": "Logic1Inorderequal-CFG.java",
    "nodes": [
        {
            "id": "a1",
            "line": "7-8",
            "label": "boolean inOrderEqual(int a, int b, int c, boolean equalOk)\tif (equalOk)"
        },
        {
            "id": 2,
            "line": 9,
            "label": "return a <= b && b <= c;"
        },
        {
            "id": "a2",
            "line": "0-11",
            "label": "endif\treturn a < b && b < c;"
        }
    ],
    "edges": [
        {
            "id": 1,
            "source": "a1",
            "target": 2,
            "label": "True"
        },
        {
            "id": 2,
            "source": "a1",
            "target": "a2",
            "label": "False"
        }
    ]
}