{
    "file": "Logic1Love6-CFG.java",
    "nodes": [
        {
            "id": "a1",
            "line": "6-7",
            "label": "boolean love6(int a, int b)\tif (a == 6 || b == 6 || a + b == 6 || Math.abs(a - b) == 6)"
        },
        {
            "id": 2,
            "line": 8,
            "label": "return true;"
        },
        {
            "id": "a2",
            "line": "0-10",
            "label": "endif\treturn false;"
        }
    ],
    "edges": [
        {
            "id": 1,
            "source": "a1",
            "target": 2,
            "label": "True"
        },
        {
            "id": 2,
            "source": "a1",
            "target": "a2",
            "label": "False"
        }
    ]
}