{
    "file": "Logic2Evenlyspaced-CFG.java",
    "nodes": [
        {
            "id": "a2",
            "line": "7-8-9",
            "label": "boolean evenlySpaced(int a, int b, int c)\tint temp\tif (a > b)"
        },
        {
            "id": "a4",
            "line": "10-11-12",
            "label": "temp = a\ta = b\tb = temp"
        },
        {
            "id": "a5",
            "line": "0-15",
            "label": "endif\tif (b > c)"
        },
        {
            "id": "a7",
            "line": "16-17-18",
            "label": "temp = b\tb = c\tc = temp"
        },
        {
            "id": "a8",
            "line": "0-21",
            "label": "endif\tif (a > b)"
        },
        {
            "id": "a10",
            "line": "22-23-24",
            "label": "temp = a\ta = b\tb = temp"
        },
        {
            "id": "a11",
            "line": "0-27",
            "label": "endif\treturn b - a == c - b;"
        }
    ],
    "edges": [
        {
            "id": 2,
            "source": "a2",
            "target": "a4",
            "label": "True"
        },
        {
            "id": 5,
            "source": "a4",
            "target": "a5",
            "label": ""
        },
        {
            "id": 6,
            "source": "a2",
            "target": "a5",
            "label": "False"
        },
        {
            "id": 8,
            "source": "a5",
            "target": "a7",
            "label": "True"
        },
        {
            "id": 11,
            "source": "a7",
            "target": "a8",
            "label": ""
        },
        {
            "id": 12,
            "source": "a5",
            "target": "a8",
            "label": "False"
        },
        {
            "id": 14,
            "source": "a8",
            "target": "a10",
            "label": "True"
        },
        {
            "id": 17,
            "source": "a10",
            "target": "a11",
            "label": ""
        },
        {
            "id": 18,
            "source": "a8",
            "target": "a11",
            "label": "False"
        }
    ]
}