{
    "file": "Logic1Datefashion-CFG.java",
    "nodes": [
        {
            "id": "a1",
            "line": "10-11",
            "label": "int dateFashion(int you, int date)\tif (you <= 2 || date <= 2)"
        },
        {
            "id": 2,
            "line": 12,
            "label": "return 0;"
        },
        {
            "id": "a2",
            "line": "0-14",
            "label": "endif\tif (you >= 8 || date >= 8)"
        },
        {
            "id": 5,
            "line": 15,
            "label": "return 2;"
        },
        {
            "id": "a3",
            "line": "0-17",
            "label": "endif\treturn 1;"
        }
    ],
    "edges": [
        {
            "id": 1,
            "source": "a1",
            "target": 2,
            "label": "True"
        },
        {
            "id": 2,
            "source": "a1",
            "target": "a2",
            "label": "False"
        },
        {
            "id": 4,
            "source": "a2",
            "target": 5,
            "label": "True"
        },
        {
            "id": 5,
            "source": "a2",
            "target": "a3",
            "label": "False"
        }
    ]
}