{
    "file": "Logic1Fizzstring-CFG.java",
    "nodes": [
        {
            "id": "a1",
            "line": "6-7",
            "label": "String fizzString(String str)\tif (str.length() > 0 && str.charAt(0) == 'f' && str.charAt(str.length() - 1) == 'b')"
        },
        {
            "id": 2,
            "line": 9,
            "label": "return 'FizzBuzz';"
        },
        {
            "id": "a2",
            "line": "0-11",
            "label": "endif\tif (str.length() > 0 && str.charAt(0) == 'f')"
        },
        {
            "id": 5,
            "line": 12,
            "label": "return 'Fizz';"
        },
        {
            "id": "a3",
            "line": "0-14",
            "label": "endif\tif (str.length() > 0 && str.charAt(str.length() - 1) == 'b')"
        },
        {
            "id": 8,
            "line": 15,
            "label": "return 'Buzz';"
        },
        {
            "id": "a4",
            "line": "0-17",
            "label": "endif\treturn str;"
        }
    ],
    "edges": [
        {
            "id": 1,
            "source": "a1",
            "target": 2,
            "label": "True"
        },
        {
            "id": 2,
            "source": "a1",
            "target": "a2",
            "label": "False"
        },
        {
            "id": 4,
            "source": "a2",
            "target": 5,
            "label": "True"
        },
        {
            "id": 5,
            "source": "a2",
            "target": "a3",
            "label": "False"
        },
        {
            "id": 7,
            "source": "a3",
            "target": 8,
            "label": "True"
        },
        {
            "id": 8,
            "source": "a3",
            "target": "a4",
            "label": "False"
        }
    ]
}