{
    "file": "Logic1Inorder-CFG.java",
    "nodes": [
        {
            "id": "a1",
            "line": "6-7",
            "label": "boolean inOrder(int a, int b, int c, boolean bOk)\tif (bOk)"
        },
        {
            "id": 2,
            "line": 8,
            "label": "return c > b;"
        },
        {
            "id": "a2",
            "line": "0-10",
            "label": "endif\treturn b > a && c > b;"
        }
    ],
    "edges": [
        {
            "id": 1,
            "source": "a1",
            "target": 2,
            "label": "True"
        },
        {
            "id": 2,
            "source": "a1",
            "target": "a2",
            "label": "False"
        }
    ]
}