{
    "file": "Logic1Withoutdoubles-CFG.java",
    "nodes": [
        {
            "id": "a1",
            "line": "6-7",
            "label": "int withoutDoubles(int die1, int die2, boolean noDoubles)\tif (noDoubles && die1 == die2)"
        },
        {
            "id": "a2",
            "line": "8-9",
            "label": "die1++\tif (die1 == 7)"
        },
        {
            "id": 4,
            "line": 10,
            "label": "die1 = 1"
        },
        {
            "id": 5,
            "line": 0,
            "label": "endif"
        },
        {
            "id": "a3",
            "line": "0-13",
            "label": "endif\treturn die1 + die2;"
        }
    ],
    "edges": [
        {
            "id": 1,
            "source": "a1",
            "target": "a2",
            "label": "True"
        },
        {
            "id": 3,
            "source": "a2",
            "target": 4,
            "label": "True"
        },
        {
            "id": 4,
            "source": 4,
            "target": 5,
            "label": ""
        },
        {
            "id": 5,
            "source": "a2",
            "target": 5,
            "label": "False"
        },
        {
            "id": 6,
            "source": 5,
            "target": "a3",
            "label": ""
        },
        {
            "id": 7,
            "source": "a1",
            "target": "a3",
            "label": "False"
        }
    ]
}