{
    "file": "Logic1Sumlimit-CFG.java",
    "nodes": [
        {
            "id": "a4",
            "line": "6-7-8-9-11",
            "label": "int sumLimit(int a, int b)\tint sum = a + b\tint aLength = String.valueOf(a).length()\tint sumLength = String.valueOf(sum).length()\tif (sumLength == aLength)"
        },
        {
            "id": 5,
            "line": 12,
            "label": "return sum;"
        },
        {
            "id": "a5",
            "line": "0-14",
            "label": "endif\treturn a;"
        }
    ],
    "edges": [
        {
            "id": 4,
            "source": "a4",
            "target": 5,
            "label": "True"
        },
        {
            "id": 5,
            "source": "a4",
            "target": "a5",
            "label": "False"
        }
    ]
}