{
    "file": "Logic1In1To10-CFG.java",
    "nodes": [
        {
            "id": "a1",
            "line": "6-7",
            "label": "boolean in1To10(int n, boolean outsideMode)\tif (outsideMode)"
        },
        {
            "id": 2,
            "line": 8,
            "label": "return n <= 1 || 10 <= n;"
        },
        {
            "id": "a2",
            "line": "0-10",
            "label": "endif\treturn 1 <= n && n <= 10;"
        }
    ],
    "edges": [
        {
            "id": 1,
            "source": "a1",
            "target": 2,
            "label": "True"
        },
        {
            "id": 2,
            "source": "a1",
            "target": "a2",
            "label": "False"
        }
    ]
}