{
    "file": "Logic2Blackjack-CFG.java",
    "nodes": [
        {
            "id": "a1",
            "line": "5-6",
            "label": "int blackjack(int a, int b)\tif (a > 21 && b > 21)"
        },
        {
            "id": 2,
            "line": 7,
            "label": "return 0;"
        },
        {
            "id": "a2",
            "line": "0-9",
            "label": "endif\tif (a > 21)"
        },
        {
            "id": 5,
            "line": 10,
            "label": "return b;"
        },
        {
            "id": "a3",
            "line": "0-12",
            "label": "endif\tif (b > 21)"
        },
        {
            "id": 8,
            "line": 13,
            "label": "return a;"
        },
        {
            "id": "a4",
            "line": "0-15",
            "label": "endif\treturn a > b ? a : b;"
        }
    ],
    "edges": [
        {
            "id": 1,
            "source": "a1",
            "target": 2,
            "label": "True"
        },
        {
            "id": 2,
            "source": "a1",
            "target": "a2",
            "label": "False"
        },
        {
            "id": 4,
            "source": "a2",
            "target": 5,
            "label": "True"
        },
        {
            "id": 5,
            "source": "a2",
            "target": "a3",
            "label": "False"
        },
        {
            "id": 7,
            "source": "a3",
            "target": 8,
            "label": "True"
        },
        {
            "id": 8,
            "source": "a3",
            "target": "a4",
            "label": "False"
        }
    ]
}