{
    "file": "Logic2Closefar-CFG.java",
    "nodes": [
        {
            "id": "a1",
            "line": "7-8",
            "label": "boolean closeFar(int a, int b, int c)\treturn (isClose(a, b) && isFar(a, b, c)) || (isClose(a, c) && isFar(a, c, b));"
        },
        {
            "id": "a2",
            "line": "12-13",
            "label": "boolean isClose(int a, int b)\treturn Math.abs(a - b) <= 1;"
        },
        {
            "id": "a3",
            "line": "16-17",
            "label": "boolean isFar(int a, int b, int c)\treturn Math.abs(a - c) >= 2 && Math.abs(b - c) >= 2;"
        }
    ],
    "edges": []
}