{
    "file": "Recursion1Strdist-CFG.java",
    "nodes": [
        {
            "id": "a1",
            "line": "5-6",
            "label": "int strDist(String str, String sub)\tif (str.length() < sub.length())"
        },
        {
            "id": 2,
            "line": 7,
            "label": "return 0;"
        },
        {
            "id": "a2",
            "line": "0-9",
            "label": "endif\tif (str.substring(0, sub.length()).equals(sub) && str.substring(str.length() - sub.length()).equals(sub))"
        },
        {
            "id": 5,
            "line": 11,
            "label": "return str.length();"
        },
        {
            "id": "a3",
            "line": "0-13",
            "label": "endif\tif (!str.substring(0, sub.length()).equals(sub))"
        },
        {
            "id": 8,
            "line": 14,
            "label": "return strDist(str.substring(1), sub);"
        },
        {
            "id": "a4",
            "line": "0-16",
            "label": "endif\treturn strDist(str.substring(0, str.length()-1), sub);"
        }
    ],
    "edges": [
        {
            "id": 1,
            "source": "a1",
            "target": 2,
            "label": "True"
        },
        {
            "id": 2,
            "source": "a1",
            "target": "a2",
            "label": "False"
        },
        {
            "id": 4,
            "source": "a2",
            "target": 5,
            "label": "True"
        },
        {
            "id": 5,
            "source": "a2",
            "target": "a3",
            "label": "False"
        },
        {
            "id": 7,
            "source": "a3",
            "target": 8,
            "label": "True"
        },
        {
            "id": 8,
            "source": "a3",
            "target": "a4",
            "label": "False"
        }
    ]
}