{
    "file": "Recursion1Bunnyears-CFG.java",
    "nodes": [
        {
            "id": "a1",
            "line": "6-7",
            "label": "int bunnyEars(int bunnies)\tif (bunnies == 0)"
        },
        {
            "id": 2,
            "line": 8,
            "label": "return 0;"
        },
        {
            "id": "a2",
            "line": "0-10",
            "label": "endif\treturn 2 + bunnyEars(bunnies - 1);"
        }
    ],
    "edges": [
        {
            "id": 1,
            "source": "a1",
            "target": 2,
            "label": "True"
        },
        {
            "id": 2,
            "source": "a1",
            "target": "a2",
            "label": "False"
        }
    ]
}