{
    "file": "Recursion1Countpairs-CFG.java",
    "nodes": [
        {
            "id": "a1",
            "line": "7-8",
            "label": "int countPairs(String str)\tif (str.length() <= 2)"
        },
        {
            "id": 2,
            "line": 9,
            "label": "return 0;"
        },
        {
            "id": "a2",
            "line": "0-11",
            "label": "endif\tif (str.charAt(0) == str.charAt(2))"
        },
        {
            "id": 5,
            "line": 12,
            "label": "return 1 + countPairs(str.substring(1));"
        },
        {
            "id": "a3",
            "line": "0-14",
            "label": "endif\treturn countPairs(str.substring(1));"
        }
    ],
    "edges": [
        {
            "id": 1,
            "source": "a1",
            "target": 2,
            "label": "True"
        },
        {
            "id": 2,
            "source": "a1",
            "target": "a2",
            "label": "False"
        },
        {
            "id": 4,
            "source": "a2",
            "target": 5,
            "label": "True"
        },
        {
            "id": 5,
            "source": "a2",
            "target": "a3",
            "label": "False"
        }
    ]
}