{
    "file": "Recursion1Count11-CFG.java",
    "nodes": [
        {
            "id": "a1",
            "line": "5-6",
            "label": "int count11(String str)\tif (str.length() <= 1)"
        },
        {
            "id": 2,
            "line": 7,
            "label": "return 0;"
        },
        {
            "id": "a2",
            "line": "0-9",
            "label": "endif\tif (str.substring(0, 2).equals('11'))"
        },
        {
            "id": 5,
            "line": 10,
            "label": "return 1 + count11(str.substring(2));"
        },
        {
            "id": "a3",
            "line": "0-12",
            "label": "endif\treturn count11(str.substring(1));"
        }
    ],
    "edges": [
        {
            "id": 1,
            "source": "a1",
            "target": 2,
            "label": "True"
        },
        {
            "id": 2,
            "source": "a1",
            "target": "a2",
            "label": "False"
        },
        {
            "id": 4,
            "source": "a2",
            "target": 5,
            "label": "True"
        },
        {
            "id": 5,
            "source": "a2",
            "target": "a3",
            "label": "False"
        }
    ]
}