{
    "file": "Recursion1Count8-CFG.java",
    "nodes": [
        {
            "id": "a1",
            "line": "6-7",
            "label": "int count8(int n)\tif (n == 0)"
        },
        {
            "id": 2,
            "line": 8,
            "label": "return 0;"
        },
        {
            "id": "a2",
            "line": "0-10",
            "label": "endif\tif (n % 10 == 8)"
        },
        {
            "id": 5,
            "line": 11,
            "label": "if ((n / 10) % 10 == 8)"
        },
        {
            "id": 6,
            "line": 12,
            "label": "return 2 + count8(n/10);"
        },
        {
            "id": "a3",
            "line": "0-14",
            "label": "endif\treturn 1 + count8(n/10);"
        },
        {
            "id": "a4",
            "line": "0-17",
            "label": "endif\treturn count8(n/10);"
        }
    ],
    "edges": [
        {
            "id": 1,
            "source": "a1",
            "target": 2,
            "label": "True"
        },
        {
            "id": 2,
            "source": "a1",
            "target": "a2",
            "label": "False"
        },
        {
            "id": 4,
            "source": "a2",
            "target": 5,
            "label": "True"
        },
        {
            "id": 5,
            "source": 5,
            "target": 6,
            "label": "True"
        },
        {
            "id": 6,
            "source": 5,
            "target": "a3",
            "label": "False"
        },
        {
            "id": 8,
            "source": "a2",
            "target": "a4",
            "label": "False"
        }
    ]
}