{
    "file": "Recursion1Allstar-CFG.java",
    "nodes": [
        {
            "id": "a1",
            "line": "5-6",
            "label": "String allStar(String str)\tif (str.length() <= 1)"
        },
        {
            "id": 2,
            "line": 7,
            "label": "return str;"
        },
        {
            "id": "a2",
            "line": "0-9",
            "label": "endif\treturn str.charAt(0) + '*' + allStar(str.substring(1));"
        }
    ],
    "edges": [
        {
            "id": 1,
            "source": "a1",
            "target": 2,
            "label": "True"
        },
        {
            "id": 2,
            "source": "a1",
            "target": "a2",
            "label": "False"
        }
    ]
}