{
    "file": "Recursion1Array11-CFG.java",
    "nodes": [
        {
            "id": "a1",
            "line": "8-9",
            "label": "int array11(int[] nums, int index)\tif (index >= nums.length)"
        },
        {
            "id": 2,
            "line": 10,
            "label": "return 0;"
        },
        {
            "id": "a2",
            "line": "0-12",
            "label": "endif\tif (nums[index] == 11)"
        },
        {
            "id": 5,
            "line": 13,
            "label": "return 1 + array11(nums, index + 1);"
        },
        {
            "id": "a3",
            "line": "0-15",
            "label": "endif\treturn array11(nums, index + 1);"
        }
    ],
    "edges": [
        {
            "id": 1,
            "source": "a1",
            "target": 2,
            "label": "True"
        },
        {
            "id": 2,
            "source": "a1",
            "target": "a2",
            "label": "False"
        },
        {
            "id": 4,
            "source": "a2",
            "target": 5,
            "label": "True"
        },
        {
            "id": 5,
            "source": "a2",
            "target": "a3",
            "label": "False"
        }
    ]
}