{
    "file": "Recursion1Fibonacci-CFG.java",
    "nodes": [
        {
            "id": "a1",
            "line": "9-10",
            "label": "int fibonacci(int n)\tif (n <= 1)"
        },
        {
            "id": 2,
            "line": 11,
            "label": "return n;"
        },
        {
            "id": "a2",
            "line": "0-13",
            "label": "endif\treturn fibonacci(n-1) + fibonacci(n-2);"
        }
    ],
    "edges": [
        {
            "id": 1,
            "source": "a1",
            "target": 2,
            "label": "True"
        },
        {
            "id": 2,
            "source": "a1",
            "target": "a2",
            "label": "False"
        }
    ]
}