{
    "file": "Recursion1Array220-CFG.java",
    "nodes": [
        {
            "id": "a1",
            "line": "8-9",
            "label": "boolean array220(int[] nums, int index)\tif (index >= nums.length - 1)"
        },
        {
            "id": 2,
            "line": 10,
            "label": "return false;"
        },
        {
            "id": "a2",
            "line": "0-12",
            "label": "endif\treturn nums[index+1] == 10 * nums[index] || array220(nums, index + 1);"
        }
    ],
    "edges": [
        {
            "id": 1,
            "source": "a1",
            "target": 2,
            "label": "True"
        },
        {
            "id": 2,
            "source": "a1",
            "target": "a2",
            "label": "False"
        }
    ]
}