{
    "file": "Recursion1Sumdigits-CFG.java",
    "nodes": [
        {
            "id": "a1",
            "line": "5-6",
            "label": "int sumDigits(int n)\tif (n == 0)"
        },
        {
            "id": 2,
            "line": 7,
            "label": "return 0;"
        },
        {
            "id": "a2",
            "line": "0-9",
            "label": "endif\treturn n % 10 + sumDigits(n / 10);"
        }
    ],
    "edges": [
        {
            "id": 1,
            "source": "a1",
            "target": 2,
            "label": "True"
        },
        {
            "id": 2,
            "source": "a1",
            "target": "a2",
            "label": "False"
        }
    ]
}