{
    "file": "Recursion1Parenbit-CFG.java",
    "nodes": [
        {
            "id": "a1",
            "line": "6-7",
            "label": "String parenBit(String str)\tif (str.charAt(0) == '(' && str.charAt(str.length()-1) == ')')"
        },
        {
            "id": 2,
            "line": 8,
            "label": "return str;"
        },
        {
            "id": "a2",
            "line": "0-10",
            "label": "endif\tif (str.charAt(0) == '(')"
        },
        {
            "id": 5,
            "line": 11,
            "label": "return parenBit(str.substring(0, str.length() - 1));"
        },
        {
            "id": "a3",
            "line": "0-13",
            "label": "endif\tif (str.charAt(str.length() - 1) == ')')"
        },
        {
            "id": 8,
            "line": 14,
            "label": "return parenBit(str.substring(1));"
        },
        {
            "id": "a4",
            "line": "0-16",
            "label": "endif\treturn parenBit(str.substring(1, str.length() - 1));"
        }
    ],
    "edges": [
        {
            "id": 1,
            "source": "a1",
            "target": 2,
            "label": "True"
        },
        {
            "id": 2,
            "source": "a1",
            "target": "a2",
            "label": "False"
        },
        {
            "id": 4,
            "source": "a2",
            "target": 5,
            "label": "True"
        },
        {
            "id": 5,
            "source": "a2",
            "target": "a3",
            "label": "False"
        },
        {
            "id": 7,
            "source": "a3",
            "target": 8,
            "label": "True"
        },
        {
            "id": 8,
            "source": "a3",
            "target": "a4",
            "label": "False"
        }
    ]
}