{
    "file": "Recursion1Bunnyears2-CFG.java",
    "nodes": [
        {
            "id": "a1",
            "line": "8-9",
            "label": "int bunnyEars2(int bunnies)\tif (bunnies == 0)"
        },
        {
            "id": 2,
            "line": 10,
            "label": "return 0;"
        },
        {
            "id": "a2",
            "line": "0-12",
            "label": "endif\tif (bunnies % 2 == 1)"
        },
        {
            "id": 5,
            "line": 13,
            "label": "return 2 + bunnyEars2(bunnies-1);"
        },
        {
            "id": "a3",
            "line": "0-15",
            "label": "endif\treturn 3 + bunnyEars2(bunnies-1);"
        }
    ],
    "edges": [
        {
            "id": 1,
            "source": "a1",
            "target": 2,
            "label": "True"
        },
        {
            "id": 2,
            "source": "a1",
            "target": "a2",
            "label": "False"
        },
        {
            "id": 4,
            "source": "a2",
            "target": 5,
            "label": "True"
        },
        {
            "id": 5,
            "source": "a2",
            "target": "a3",
            "label": "False"
        }
    ]
}