{
    "file": "Recursion1Strcount-CFG.java",
    "nodes": [
        {
            "id": "a1",
            "line": "6-7",
            "label": "int strCount(String str, String sub)\tif (str.length() < sub.length())"
        },
        {
            "id": 2,
            "line": 8,
            "label": "return 0;"
        },
        {
            "id": "a2",
            "line": "0-10",
            "label": "endif\tif (str.substring(0, sub.length()).equals(sub))"
        },
        {
            "id": 5,
            "line": 11,
            "label": "return 1 + strCount(str.substring(sub.length()), sub);"
        },
        {
            "id": "a3",
            "line": "0-13",
            "label": "endif\treturn strCount(str.substring(1), sub);"
        }
    ],
    "edges": [
        {
            "id": 1,
            "source": "a1",
            "target": 2,
            "label": "True"
        },
        {
            "id": 2,
            "source": "a1",
            "target": "a2",
            "label": "False"
        },
        {
            "id": 4,
            "source": "a2",
            "target": 5,
            "label": "True"
        },
        {
            "id": 5,
            "source": "a2",
            "target": "a3",
            "label": "False"
        }
    ]
}