{
    "file": "String1Seecolor-CFG.java",
    "nodes": [
        {
            "id": "a1",
            "line": "5-6",
            "label": "String seeColor(String str)\tif (str.length() >= 3 && str.substring(0, 3).equals('red'))"
        },
        {
            "id": 2,
            "line": 7,
            "label": "return 'red';"
        },
        {
            "id": "a2",
            "line": "0-9",
            "label": "endif\tif (str.length() >= 4 && str.substring(0, 4).equals('blue'))"
        },
        {
            "id": 5,
            "line": 10,
            "label": "return 'blue';"
        },
        {
            "id": "a3",
            "line": "0-12",
            "label": "endif\treturn '';"
        }
    ],
    "edges": [
        {
            "id": 1,
            "source": "a1",
            "target": 2,
            "label": "True"
        },
        {
            "id": 2,
            "source": "a1",
            "target": "a2",
            "label": "False"
        },
        {
            "id": 4,
            "source": "a2",
            "target": 5,
            "label": "True"
        },
        {
            "id": 5,
            "source": "a2",
            "target": "a3",
            "label": "False"
        }
    ]
}