{
    "file": "String3Ghappy-CFG.java",
    "nodes": [
        {
            "id": "a1",
            "line": "6-7",
            "label": "boolean gHappy(String str)\tif (str.length() == 1 && str.charAt(0) == 'g')"
        },
        {
            "id": 2,
            "line": 8,
            "label": "return false;"
        },
        {
            "id": "a2",
            "line": "0-10",
            "label": "endif\tif (str.length() >= 2 && (str.charAt(0) == 'g' && str.charAt(1) != 'g' || str.charAt(str.length()-1) == 'g' && str.charAt(str.length()-2) != 'g'))"
        },
        {
            "id": 5,
            "line": 14,
            "label": "return false;"
        },
        {
            "id": "a3",
            "line": "0-16",
            "label": "endif\tint i = 1"
        },
        {
            "id": 8,
            "line": 16,
            "label": "for (i <= str.length() - 2)"
        },
        {
            "id": "a4",
            "line": "0-22",
            "label": "endfor\treturn true;"
        },
        {
            "id": 11,
            "line": 17,
            "label": "if (str.charAt(i) == 'g' && str.charAt(i-1) != 'g' && str.charAt(i+1) != 'g')"
        },
        {
            "id": 12,
            "line": 19,
            "label": "return false;"
        },
        {
            "id": "a5",
            "line": "0-16",
            "label": "endif\ti++"
        }
    ],
    "edges": [
        {
            "id": 1,
            "source": "a1",
            "target": 2,
            "label": "True"
        },
        {
            "id": 2,
            "source": "a1",
            "target": "a2",
            "label": "False"
        },
        {
            "id": 4,
            "source": "a2",
            "target": 5,
            "label": "True"
        },
        {
            "id": 5,
            "source": "a2",
            "target": "a3",
            "label": "False"
        },
        {
            "id": 7,
            "source": "a3",
            "target": 8,
            "label": ""
        },
        {
            "id": 8,
            "source": 8,
            "target": "a4",
            "label": "False"
        },
        {
            "id": 9,
            "source": 8,
            "target": 11,
            "label": "True"
        },
        {
            "id": 10,
            "source": 11,
            "target": 12,
            "label": "True"
        },
        {
            "id": 11,
            "source": 11,
            "target": "a5",
            "label": "False"
        },
        {
            "id": 13,
            "source": "a5",
            "target": 8,
            "label": ""
        }
    ]
}