{
    "file": "String1Lasttwo-CFG.java",
    "nodes": [
        {
            "id": "a1",
            "line": "5-6",
            "label": "String lastTwo(String str)\tif (str.length() < 2)"
        },
        {
            "id": 2,
            "line": 7,
            "label": "return str;"
        },
        {
            "id": "a2",
            "line": "0-9",
            "label": "endif\treturn str.substring(0, str.length() - 2) + str.charAt(str.length() - 1) + str.charAt(str.length() - 2);"
        }
    ],
    "edges": [
        {
            "id": 1,
            "source": "a1",
            "target": 2,
            "label": "True"
        },
        {
            "id": 2,
            "source": "a1",
            "target": "a2",
            "label": "False"
        }
    ]
}