{
    "file": "String3Counttriple-CFG.java",
    "nodes": [
        {
            "id": "a2",
            "line": "6-7-9",
            "label": "int countTriple(String str)\tint count = 0\tint i = 0"
        },
        {
            "id": 3,
            "line": 9,
            "label": "for (i <= str.length() - 3)"
        },
        {
            "id": "a3",
            "line": "0-15",
            "label": "endfor\treturn count;"
        },
        {
            "id": 6,
            "line": 10,
            "label": "if (str.charAt(i) == str.charAt(i+1) && str.charAt(i) == str.charAt(i+2))"
        },
        {
            "id": 7,
            "line": 12,
            "label": "count++"
        },
        {
            "id": "a4",
            "line": "0-9",
            "label": "endif\ti++"
        }
    ],
    "edges": [
        {
            "id": 2,
            "source": "a2",
            "target": 3,
            "label": ""
        },
        {
            "id": 3,
            "source": 3,
            "target": "a3",
            "label": "False"
        },
        {
            "id": 4,
            "source": 3,
            "target": 6,
            "label": "True"
        },
        {
            "id": 5,
            "source": 6,
            "target": 7,
            "label": "True"
        },
        {
            "id": 6,
            "source": 7,
            "target": "a4",
            "label": ""
        },
        {
            "id": 7,
            "source": 6,
            "target": "a4",
            "label": "False"
        },
        {
            "id": 9,
            "source": "a4",
            "target": 3,
            "label": ""
        }
    ]
}