{
    "file": "String2Endother-CFG.java",
    "nodes": [
        {
            "id": "a1",
            "line": "6-7",
            "label": "boolean endOther(String a, String b)\tif (a.length() < b.length())"
        },
        {
            "id": "a3",
            "line": "8-9-10",
            "label": "String temp = a\ta = b.toLowerCase()\tb = temp.toLowerCase()"
        },
        {
            "id": "a4",
            "line": "0-13",
            "label": "endif\treturn a.substring(a.length() - b.length()).equals(b);"
        }
    ],
    "edges": [
        {
            "id": 1,
            "source": "a1",
            "target": "a3",
            "label": "True"
        },
        {
            "id": 4,
            "source": "a3",
            "target": "a4",
            "label": ""
        },
        {
            "id": 5,
            "source": "a1",
            "target": "a4",
            "label": "False"
        }
    ]
}