{
    "file": "String1Hasbad-CFG.java",
    "nodes": [
        {
            "id": "a1",
            "line": "7-8",
            "label": "boolean hasBad(String str)\tif (str.length() == 3)"
        },
        {
            "id": 2,
            "line": 9,
            "label": "return str.substring(0, 3).equals('bad');"
        },
        {
            "id": "a2",
            "line": "0-11",
            "label": "endif\tif (str.length() >= 4)"
        },
        {
            "id": 5,
            "line": 12,
            "label": "return str.substring(0, 3).equals('bad') || str.substring(1, 4).equals('bad');"
        },
        {
            "id": "a3",
            "line": "0-15",
            "label": "endif\treturn false;"
        }
    ],
    "edges": [
        {
            "id": 1,
            "source": "a1",
            "target": 2,
            "label": "True"
        },
        {
            "id": 2,
            "source": "a1",
            "target": "a2",
            "label": "False"
        },
        {
            "id": 4,
            "source": "a2",
            "target": 5,
            "label": "True"
        },
        {
            "id": 5,
            "source": "a2",
            "target": "a3",
            "label": "False"
        }
    ]
}