{
    "file": "String3Sameends-CFG.java",
    "nodes": [
        {
            "id": "a3",
            "line": "6-7-8-10",
            "label": "String sameEnds(String string)\tint start = (int) Math.ceil((double) string.length() / 2)\tint end = string.length() / 2\tint i = 0"
        },
        {
            "id": 4,
            "line": 10,
            "label": "for (i < string.length() / 2)"
        },
        {
            "id": "a4",
            "line": "0-19",
            "label": "endfor\treturn '';"
        },
        {
            "id": 7,
            "line": 11,
            "label": "if (string.substring(0, end).equals(string.substring(start)))"
        },
        {
            "id": 8,
            "line": 12,
            "label": "return string.substring(0, end);"
        },
        {
            "id": 10,
            "line": 14,
            "label": "start++"
        },
        {
            "id": "a6",
            "line": "15-0-10",
            "label": "end--\tendif\ti++"
        }
    ],
    "edges": [
        {
            "id": 3,
            "source": "a3",
            "target": 4,
            "label": ""
        },
        {
            "id": 4,
            "source": 4,
            "target": "a4",
            "label": "False"
        },
        {
            "id": 5,
            "source": 4,
            "target": 7,
            "label": "True"
        },
        {
            "id": 6,
            "source": 7,
            "target": 8,
            "label": "True"
        },
        {
            "id": 7,
            "source": 7,
            "target": 10,
            "label": "False"
        },
        {
            "id": 8,
            "source": 10,
            "target": "a6",
            "label": ""
        },
        {
            "id": 11,
            "source": "a6",
            "target": 4,
            "label": ""
        }
    ]
}