{
    "file": "String1Theend-CFG.java",
    "nodes": [
        {
            "id": "a1",
            "line": "6-7",
            "label": "String theEnd(String str, boolean front)\tif (front)"
        },
        {
            "id": 2,
            "line": 8,
            "label": "return str.substring(0,1);"
        },
        {
            "id": "a2",
            "line": "0-10",
            "label": "endif\treturn str.substring(str.length() - 1);"
        }
    ],
    "edges": [
        {
            "id": 1,
            "source": "a1",
            "target": 2,
            "label": "True"
        },
        {
            "id": 2,
            "source": "a1",
            "target": "a2",
            "label": "False"
        }
    ]
}