{
    "file": "String1Firsttwo-CFG.java",
    "nodes": [
        {
            "id": "a1",
            "line": "7-8",
            "label": "String firstTwo(String str)\tif (str.length() < 2)"
        },
        {
            "id": 2,
            "line": 9,
            "label": "return str;"
        },
        {
            "id": "a2",
            "line": "0-11",
            "label": "endif\treturn str.substring(0, 2);"
        }
    ],
    "edges": [
        {
            "id": 1,
            "source": "a1",
            "target": 2,
            "label": "True"
        },
        {
            "id": 2,
            "source": "a1",
            "target": "a2",
            "label": "False"
        }
    ]
}