{
    "file": "String2Mixstring-CFG.java",
    "nodes": [
        {
            "id": "a4",
            "line": "6-7-8-9-11",
            "label": "String mixString(String a, String b)\tchar[] arr\tString end\tint count = 0\tif (a.length() < b.length())"
        },
        {
            "id": "a5",
            "line": "12-13",
            "label": "arr = new char[2 * a.length()]\tend = b.substring(a.length())"
        },
        {
            "id": "a6",
            "line": "0-19",
            "label": "endif\tint i = 0"
        },
        {
            "id": "a7",
            "line": "15-16",
            "label": "arr = new char[2 * b.length()]\tend = a.substring(b.length())"
        },
        {
            "id": 11,
            "line": 19,
            "label": "for (i < arr.length / 2)"
        },
        {
            "id": "a8",
            "line": "0-26",
            "label": "endfor\treturn new String(arr) + end;"
        },
        {
            "id": "a12",
            "line": "20-21-22-23-19",
            "label": "arr[count] = a.charAt(i)\tcount++\tarr[count] = b.charAt(i)\tcount++\ti++"
        }
    ],
    "edges": [
        {
            "id": 4,
            "source": "a4",
            "target": "a5",
            "label": "True"
        },
        {
            "id": 6,
            "source": "a5",
            "target": "a6",
            "label": ""
        },
        {
            "id": 7,
            "source": "a4",
            "target": "a7",
            "label": "False"
        },
        {
            "id": 9,
            "source": "a7",
            "target": "a6",
            "label": ""
        },
        {
            "id": 11,
            "source": "a6",
            "target": 11,
            "label": ""
        },
        {
            "id": 12,
            "source": 11,
            "target": "a8",
            "label": "False"
        },
        {
            "id": 13,
            "source": 11,
            "target": "a12",
            "label": "True"
        },
        {
            "id": 18,
            "source": "a12",
            "target": 11,
            "label": ""
        }
    ]
}