{
    "file": "String1Withoutend2-CFG.java",
    "nodes": [
        {
            "id": "a1",
            "line": "5-6",
            "label": "String withouEnd2(String str)\tif (str.length() <= 2)"
        },
        {
            "id": 2,
            "line": 7,
            "label": "return '';"
        },
        {
            "id": "a2",
            "line": "0-9",
            "label": "endif\treturn str.substring(1, str.length() - 1);"
        }
    ],
    "edges": [
        {
            "id": 1,
            "source": "a1",
            "target": 2,
            "label": "True"
        },
        {
            "id": 2,
            "source": "a1",
            "target": "a2",
            "label": "False"
        }
    ]
}