{
    "file": "String3Maxblock-CFG.java",
    "nodes": [
        {
            "id": "a1",
            "line": "5-6",
            "label": "int maxBlock(String str)\tif (str.length() == 0)"
        },
        {
            "id": 2,
            "line": 7,
            "label": "return 0;"
        },
        {
            "id": "a4",
            "line": "0-9-10-12",
            "label": "endif\tint largest = 0\tint current = 1\tint i = 1"
        },
        {
            "id": 7,
            "line": 12,
            "label": "for (i < str.length())"
        },
        {
            "id": "a5",
            "line": "0-22",
            "label": "endfor\treturn Math.max(largest, current);"
        },
        {
            "id": 10,
            "line": 13,
            "label": "if (str.charAt(i) != str.charAt(i-1))"
        },
        {
            "id": 11,
            "line": 14,
            "label": "if (current > largest)"
        },
        {
            "id": 12,
            "line": 15,
            "label": "largest = current"
        },
        {
            "id": "a6",
            "line": "0-16",
            "label": "endif\tcurrent = 1"
        },
        {
            "id": 16,
            "line": 18,
            "label": "current++"
        },
        {
            "id": "a7",
            "line": "0-12",
            "label": "endif\ti++"
        }
    ],
    "edges": [
        {
            "id": 1,
            "source": "a1",
            "target": 2,
            "label": "True"
        },
        {
            "id": 2,
            "source": "a1",
            "target": "a4",
            "label": "False"
        },
        {
            "id": 6,
            "source": "a4",
            "target": 7,
            "label": ""
        },
        {
            "id": 7,
            "source": 7,
            "target": "a5",
            "label": "False"
        },
        {
            "id": 8,
            "source": 7,
            "target": 10,
            "label": "True"
        },
        {
            "id": 9,
            "source": 10,
            "target": 11,
            "label": "True"
        },
        {
            "id": 10,
            "source": 11,
            "target": 12,
            "label": "True"
        },
        {
            "id": 11,
            "source": 12,
            "target": "a6",
            "label": ""
        },
        {
            "id": 12,
            "source": 11,
            "target": "a6",
            "label": "False"
        },
        {
            "id": 14,
            "source": "a6",
            "target": "a7",
            "label": ""
        },
        {
            "id": 15,
            "source": 10,
            "target": 16,
            "label": "False"
        },
        {
            "id": 16,
            "source": 16,
            "target": "a7",
            "label": ""
        },
        {
            "id": 18,
            "source": "a7",
            "target": 7,
            "label": ""
        }
    ]
}