{
    "file": "String3Notreplace-CFG.java",
    "nodes": [
        {
            "id": "a1",
            "line": "7-8",
            "label": "String notReplace(String str)\tif (str.equals('is'))"
        },
        {
            "id": 2,
            "line": 9,
            "label": "return 'is not';"
        },
        {
            "id": "a4",
            "line": "0-11-12-14",
            "label": "endif\tStringBuilder result = new StringBuilder()\tint i = 0\tif (str.length() >= 3 && str.substring(0,2).equals('is') && !Character.isLetter(str.charAt(2)))"
        },
        {
            "id": "a5",
            "line": "16-17",
            "label": "result.append('is not')\ti = 2"
        },
        {
            "id": 9,
            "line": 0,
            "label": "endif"
        },
        {
            "id": 10,
            "line": 20,
            "label": "while (i < str.length())"
        },
        {
            "id": "a6",
            "line": "0-40",
            "label": "endwhile\treturn result.toString();"
        },
        {
            "id": 12,
            "line": 21,
            "label": "if (!Character.isLetter(str.charAt(i)))"
        },
        {
            "id": "a7",
            "line": "22-23",
            "label": "result.append(str.charAt(i))\ti++"
        },
        {
            "id": 15,
            "line": 0,
            "label": "endif"
        },
        {
            "id": 16,
            "line": 24,
            "label": "if (i >= 1 && i <= str.length()-3 && !Character.isLetter(str.charAt(i-1)) && str.substring(i,i+2).equals('is') && !Character.isLetter(str.charAt(i+2)))"
        },
        {
            "id": "a8",
            "line": "28-29",
            "label": "result.append('is not')\ti += 2"
        },
        {
            "id": 19,
            "line": 0,
            "label": "endif"
        },
        {
            "id": 20,
            "line": 30,
            "label": "if (i >= 1 && !Character.isLetter(str.charAt(i-1)) && str.substring(i).equals('is'))"
        },
        {
            "id": "a9",
            "line": "32-33",
            "label": "result.append('is not')\ti += 2"
        },
        {
            "id": 23,
            "line": 0,
            "label": "endif"
        },
        {
            "id": "a10",
            "line": "35-36",
            "label": "result.append(str.charAt(i))\ti++"
        }
    ],
    "edges": [
        {
            "id": 1,
            "source": "a1",
            "target": 2,
            "label": "True"
        },
        {
            "id": 2,
            "source": "a1",
            "target": "a4",
            "label": "False"
        },
        {
            "id": 6,
            "source": "a4",
            "target": "a5",
            "label": "True"
        },
        {
            "id": 8,
            "source": "a5",
            "target": 9,
            "label": ""
        },
        {
            "id": 9,
            "source": "a4",
            "target": 9,
            "label": "False"
        },
        {
            "id": 10,
            "source": 9,
            "target": 10,
            "label": ""
        },
        {
            "id": 11,
            "source": 10,
            "target": "a6",
            "label": "False"
        },
        {
            "id": 12,
            "source": 10,
            "target": 12,
            "label": "True"
        },
        {
            "id": 13,
            "source": 12,
            "target": "a7",
            "label": "True"
        },
        {
            "id": 15,
            "source": "a7",
            "target": 15,
            "label": ""
        },
        {
            "id": 16,
            "source": 12,
            "target": 16,
            "label": "False"
        },
        {
            "id": 17,
            "source": 16,
            "target": "a8",
            "label": "True"
        },
        {
            "id": 19,
            "source": "a8",
            "target": 19,
            "label": ""
        },
        {
            "id": 20,
            "source": 16,
            "target": 20,
            "label": "False"
        },
        {
            "id": 21,
            "source": 20,
            "target": "a9",
            "label": "True"
        },
        {
            "id": 23,
            "source": "a9",
            "target": 23,
            "label": ""
        },
        {
            "id": 24,
            "source": 20,
            "target": "a10",
            "label": "False"
        },
        {
            "id": 26,
            "source": "a10",
            "target": 23,
            "label": ""
        },
        {
            "id": 27,
            "source": 23,
            "target": 19,
            "label": ""
        },
        {
            "id": 28,
            "source": 19,
            "target": 15,
            "label": ""
        },
        {
            "id": 29,
            "source": 15,
            "target": 10,
            "label": ""
        }
    ]
}