{
    "file": "String1Twochar-CFG.java",
    "nodes": [
        {
            "id": "a1",
            "line": "6-7",
            "label": "String twoChar(String str, int index)\tif (index + 2 > str.length() || index < 0)"
        },
        {
            "id": 2,
            "line": 8,
            "label": "return str.substring(0, 2);"
        },
        {
            "id": "a2",
            "line": "0-10",
            "label": "endif\treturn str.substring(index, index + 2);"
        }
    ],
    "edges": [
        {
            "id": 1,
            "source": "a1",
            "target": 2,
            "label": "True"
        },
        {
            "id": 2,
            "source": "a1",
            "target": "a2",
            "label": "False"
        }
    ]
}