{
    "file": "String1Endsly-CFG.java",
    "nodes": [
        {
            "id": "a1",
            "line": "4-5",
            "label": "boolean endsLy(String str)\tif (str.length() < 2)"
        },
        {
            "id": 2,
            "line": 6,
            "label": "return false;"
        },
        {
            "id": "a2",
            "line": "0-8",
            "label": "endif\treturn str.substring(str.length() - 2).equals('ly');"
        }
    ],
    "edges": [
        {
            "id": 1,
            "source": "a1",
            "target": 2,
            "label": "True"
        },
        {
            "id": 2,
            "source": "a1",
            "target": "a2",
            "label": "False"
        }
    ]
}