{
    "file": "Warmup2Stringbits-CFG.java",
    "nodes": [
        {
            "id": "a4",
            "line": "5-6-7-9-10",
            "label": "String stringBits(String str)\tint size = (int) Math.ceil((double) str.length() / 2)\tchar[] result = new char[size]\tint index = 0\tint i = 0"
        },
        {
            "id": 5,
            "line": 10,
            "label": "for (i < str.length())"
        },
        {
            "id": "a5",
            "line": "0-15",
            "label": "endfor\treturn new String(result);"
        },
        {
            "id": "a7",
            "line": "11-12-10",
            "label": "result[index] = str.charAt(i)\tindex++\ti += 2"
        }
    ],
    "edges": [
        {
            "id": 4,
            "source": "a4",
            "target": 5,
            "label": ""
        },
        {
            "id": 5,
            "source": 5,
            "target": "a5",
            "label": "False"
        },
        {
            "id": 6,
            "source": 5,
            "target": "a7",
            "label": "True"
        },
        {
            "id": 9,
            "source": "a7",
            "target": 5,
            "label": ""
        }
    ]
}