{
    "file": "Warmup2Last2-CFG.java",
    "nodes": [
        {
            "id": "a1",
            "line": "6-7",
            "label": "int last2(String str)\tif (str.length() < 2)"
        },
        {
            "id": 2,
            "line": 8,
            "label": "return 0;"
        },
        {
            "id": "a4",
            "line": "0-10-11-13",
            "label": "endif\tString end = str.substring(str.length() - 2)\tint count = 0\tint i = 0"
        },
        {
            "id": 7,
            "line": 13,
            "label": "for (i < str.length() - 2)"
        },
        {
            "id": "a5",
            "line": "0-18",
            "label": "endfor\treturn count;"
        },
        {
            "id": 10,
            "line": 14,
            "label": "if (str.substring(i, i + 2).equals(end))"
        },
        {
            "id": 11,
            "line": 15,
            "label": "count++"
        },
        {
            "id": "a6",
            "line": "0-13",
            "label": "endif\ti++"
        }
    ],
    "edges": [
        {
            "id": 1,
            "source": "a1",
            "target": 2,
            "label": "True"
        },
        {
            "id": 2,
            "source": "a1",
            "target": "a4",
            "label": "False"
        },
        {
            "id": 6,
            "source": "a4",
            "target": 7,
            "label": ""
        },
        {
            "id": 7,
            "source": 7,
            "target": "a5",
            "label": "False"
        },
        {
            "id": 8,
            "source": 7,
            "target": 10,
            "label": "True"
        },
        {
            "id": 9,
            "source": 10,
            "target": 11,
            "label": "True"
        },
        {
            "id": 10,
            "source": 11,
            "target": "a6",
            "label": ""
        },
        {
            "id": 11,
            "source": 10,
            "target": "a6",
            "label": "False"
        },
        {
            "id": 13,
            "source": "a6",
            "target": 7,
            "label": ""
        }
    ]
}