{
    "file": "Warmup1Diff21-CFG.java",
    "nodes": [
        {
            "id": "a1",
            "line": "5-6",
            "label": "int diff21(int n)\tif (n <= 21)"
        },
        {
            "id": 2,
            "line": 7,
            "label": "return 21 - n;"
        },
        {
            "id": "a2",
            "line": "0-9",
            "label": "endif\treturn 2 * (n - 21);"
        }
    ],
    "edges": [
        {
            "id": 1,
            "source": "a1",
            "target": 2,
            "label": "True"
        },
        {
            "id": 2,
            "source": "a1",
            "target": "a2",
            "label": "False"
        }
    ]
}