{
    "file": "Warmup1Close10-CFG.java",
    "nodes": [
        {
            "id": "a3",
            "line": "6-7-8-10",
            "label": "int close10(int a, int b)\tint distA = Math.abs(a - 10)\tint distB = Math.abs(b - 10)\tif (distA == distB)"
        },
        {
            "id": 4,
            "line": 11,
            "label": "return 0;"
        },
        {
            "id": "a4",
            "line": "0-13",
            "label": "endif\treturn distA < distB ? a : b;"
        }
    ],
    "edges": [
        {
            "id": 3,
            "source": "a3",
            "target": 4,
            "label": "True"
        },
        {
            "id": 4,
            "source": "a3",
            "target": "a4",
            "label": "False"
        }
    ]
}