{
    "file": "Warmup1Deldel-CFG.java",
    "nodes": [
        {
            "id": "a1",
            "line": "6-7",
            "label": "String delDel(String str)\tif (str.length() >= 4 && str.substring(1, 4).equals('del'))"
        },
        {
            "id": 2,
            "line": 8,
            "label": "return str.charAt(0) + str.substring(4);"
        },
        {
            "id": "a2",
            "line": "0-10",
            "label": "endif\treturn str;"
        }
    ],
    "edges": [
        {
            "id": 1,
            "source": "a1",
            "target": 2,
            "label": "True"
        },
        {
            "id": 2,
            "source": "a1",
            "target": "a2",
            "label": "False"
        }
    ]
}