{
    "file": "Warmup1Everynth-CFG.java",
    "nodes": [
        {
            "id": "a4",
            "line": "6-7-8-9-11",
            "label": "String everyNth(String str, int n)\tint nSize = (int) Math.ceil((double) str.length() / n)\tchar[] nchar = new char[nSize]\tint index = 0\tint i = 0"
        },
        {
            "id": 5,
            "line": 11,
            "label": "for (i < str.length())"
        },
        {
            "id": "a5",
            "line": "0-16",
            "label": "endfor\treturn new String(nchar);"
        },
        {
            "id": "a7",
            "line": "12-13-11",
            "label": "nchar[index] = str.charAt(i)\tindex++\ti += n"
        }
    ],
    "edges": [
        {
            "id": 4,
            "source": "a4",
            "target": 5,
            "label": ""
        },
        {
            "id": 5,
            "source": 5,
            "target": "a5",
            "label": "False"
        },
        {
            "id": 6,
            "source": 5,
            "target": "a7",
            "label": "True"
        },
        {
            "id": 9,
            "source": "a7",
            "target": 5,
            "label": ""
        }
    ]
}