{
    "file": "Warmup2Stringx-CFG.java",
    "nodes": [
        {
            "id": "a1",
            "line": "5-6",
            "label": "String stringX(String str)\tif (str.length() < 2)"
        },
        {
            "id": 2,
            "line": 7,
            "label": "return str;"
        },
        {
            "id": "a5",
            "line": "0-9-10-12-13",
            "label": "endif\tchar[] result = new char[str.length()]\tresult[0] = str.charAt(0)\tint count = 1\tint i = 1"
        },
        {
            "id": 8,
            "line": 13,
            "label": "for (i < str.length() - 1)"
        },
        {
            "id": "a8",
            "line": "0-20-21-22",
            "label": "endfor\tresult[count] = str.charAt(str.length() - 1)\tcount++\treturn new String(result, 0, count);"
        },
        {
            "id": 11,
            "line": 14,
            "label": "if (str.charAt(i) != 'x')"
        },
        {
            "id": "a9",
            "line": "15-16",
            "label": "result[count] = str.charAt(i)\tcount++"
        },
        {
            "id": "a10",
            "line": "0-13",
            "label": "endif\ti++"
        }
    ],
    "edges": [
        {
            "id": 1,
            "source": "a1",
            "target": 2,
            "label": "True"
        },
        {
            "id": 2,
            "source": "a1",
            "target": "a5",
            "label": "False"
        },
        {
            "id": 7,
            "source": "a5",
            "target": 8,
            "label": ""
        },
        {
            "id": 8,
            "source": 8,
            "target": "a8",
            "label": "False"
        },
        {
            "id": 9,
            "source": 8,
            "target": 11,
            "label": "True"
        },
        {
            "id": 10,
            "source": 11,
            "target": "a9",
            "label": "True"
        },
        {
            "id": 12,
            "source": "a9",
            "target": "a10",
            "label": ""
        },
        {
            "id": 13,
            "source": 11,
            "target": "a10",
            "label": "False"
        },
        {
            "id": 15,
            "source": "a10",
            "target": 8,
            "label": ""
        }
    ]
}