{
    "file": "Warmup1Frontback-CFG.java",
    "nodes": [
        {
            "id": "a1",
            "line": "5-6",
            "label": "String frontBack(String str)\tif (str.length() <= 1)"
        },
        {
            "id": 2,
            "line": 7,
            "label": "return str;"
        },
        {
            "id": "a4",
            "line": "0-9-10-12",
            "label": "endif\tchar first = str.charAt(0)\tchar last = str.charAt(str.length() - 1)\treturn last + str.substring(1, str.length()-1) + first;"
        }
    ],
    "edges": [
        {
            "id": 1,
            "source": "a1",
            "target": 2,
            "label": "True"
        },
        {
            "id": 2,
            "source": "a1",
            "target": "a4",
            "label": "False"
        }
    ]
}