{
    "file": "Warmup1Endup-CFG.java",
    "nodes": [
        {
            "id": "a1",
            "line": "7-8",
            "label": "String endUp(String str)\tif (str.length() < 3)"
        },
        {
            "id": 2,
            "line": 9,
            "label": "return str.toUpperCase();"
        },
        {
            "id": "a2",
            "line": "0-11",
            "label": "endif\treturn str.substring(0, str.length() - 3) + str.substring(str.length() - 3).toUpperCase();"
        }
    ],
    "edges": [
        {
            "id": 1,
            "source": "a1",
            "target": 2,
            "label": "True"
        },
        {
            "id": 2,
            "source": "a1",
            "target": "a2",
            "label": "False"
        }
    ]
}