{
    "file": "Warmup1Startoz-CFG.java",
    "nodes": [
        {
            "id": "a2",
            "line": "6-7-9",
            "label": "String startOz(String str)\tString result = ''\tif (str.length() >= 1 && str.charAt(0) == 'o')"
        },
        {
            "id": 3,
            "line": 10,
            "label": "result += str.charAt(0)"
        },
        {
            "id": "a3",
            "line": "0-12",
            "label": "endif\tif (str.length() >= 2 && str.charAt(1) == 'z')"
        },
        {
            "id": 6,
            "line": 13,
            "label": "result += str.charAt(1)"
        },
        {
            "id": "a4",
            "line": "0-15",
            "label": "endif\treturn result;"
        }
    ],
    "edges": [
        {
            "id": 2,
            "source": "a2",
            "target": 3,
            "label": "True"
        },
        {
            "id": 3,
            "source": 3,
            "target": "a3",
            "label": ""
        },
        {
            "id": 4,
            "source": "a2",
            "target": "a3",
            "label": "False"
        },
        {
            "id": 6,
            "source": "a3",
            "target": 6,
            "label": "True"
        },
        {
            "id": 7,
            "source": 6,
            "target": "a4",
            "label": ""
        },
        {
            "id": 8,
            "source": "a3",
            "target": "a4",
            "label": "False"
        }
    ]
}