{
    "file": "Warmup2Notriples-CFG.java",
    "nodes": [
        {
            "id": "a1",
            "line": "6-7",
            "label": "boolean noTriples(int[] nums)\tint i = 0"
        },
        {
            "id": 2,
            "line": 7,
            "label": "for (i < nums.length - 2)"
        },
        {
            "id": "a2",
            "line": "0-12",
            "label": "endfor\treturn true;"
        },
        {
            "id": 5,
            "line": 8,
            "label": "if (nums[i+1] == nums[i] && nums[i+2] == nums[i])"
        },
        {
            "id": 6,
            "line": 9,
            "label": "return false;"
        },
        {
            "id": "a3",
            "line": "0-7",
            "label": "endif\ti++"
        }
    ],
    "edges": [
        {
            "id": 1,
            "source": "a1",
            "target": 2,
            "label": ""
        },
        {
            "id": 2,
            "source": 2,
            "target": "a2",
            "label": "False"
        },
        {
            "id": 3,
            "source": 2,
            "target": 5,
            "label": "True"
        },
        {
            "id": 4,
            "source": 5,
            "target": 6,
            "label": "True"
        },
        {
            "id": 5,
            "source": 5,
            "target": "a3",
            "label": "False"
        },
        {
            "id": 7,
            "source": "a3",
            "target": 2,
            "label": ""
        }
    ]
}