{
    "file": "Warmup2Fronttimes-CFG.java",
    "nodes": [
        {
            "id": "a3",
            "line": "6-7-8-10",
            "label": "String frontTimes(String str, int n)\tchar[] result\tString front\tif (str.length() < 3)"
        },
        {
            "id": 4,
            "line": 11,
            "label": "front = str"
        },
        {
            "id": "a6",
            "line": "0-15-17-18",
            "label": "endif\tresult = new char[n * front.length()]\tint index = 0\tint i = 0"
        },
        {
            "id": 6,
            "line": 13,
            "label": "front = str.substring(0, 3)"
        },
        {
            "id": 10,
            "line": 18,
            "label": "for (i < n)"
        },
        {
            "id": "a7",
            "line": "0-25",
            "label": "endfor\treturn new String(result);"
        },
        {
            "id": 13,
            "line": 19,
            "label": "int j = 0"
        },
        {
            "id": 14,
            "line": 19,
            "label": "for (j < front.length())"
        },
        {
            "id": 17,
            "line": 20,
            "label": "result[index] = front.charAt(j)"
        },
        {
            "id": "a8",
            "line": "0-18",
            "label": "endfor\ti++"
        },
        {
            "id": "a9",
            "line": "21-19",
            "label": "index++\tj++"
        }
    ],
    "edges": [
        {
            "id": 3,
            "source": "a3",
            "target": 4,
            "label": "True"
        },
        {
            "id": 4,
            "source": 4,
            "target": "a6",
            "label": ""
        },
        {
            "id": 5,
            "source": "a3",
            "target": 6,
            "label": "False"
        },
        {
            "id": 6,
            "source": 6,
            "target": "a6",
            "label": ""
        },
        {
            "id": 10,
            "source": "a6",
            "target": 10,
            "label": ""
        },
        {
            "id": 11,
            "source": 10,
            "target": "a7",
            "label": "False"
        },
        {
            "id": 12,
            "source": 10,
            "target": 13,
            "label": "True"
        },
        {
            "id": 13,
            "source": 13,
            "target": 14,
            "label": ""
        },
        {
            "id": 14,
            "source": 14,
            "target": "a8",
            "label": "False"
        },
        {
            "id": 15,
            "source": 14,
            "target": 17,
            "label": "True"
        },
        {
            "id": 16,
            "source": 17,
            "target": "a9",
            "label": ""
        },
        {
            "id": 18,
            "source": "a9",
            "target": 14,
            "label": ""
        },
        {
            "id": 20,
            "source": "a8",
            "target": 10,
            "label": ""
        }
    ]
}