{
    "file": "Warmup1Notstring-CFG.java",
    "nodes": [
        {
            "id": "a1",
            "line": "6-7",
            "label": "String notString(String str)\tif (str.length() >= 3 && str.substring(0, 3).equals('not'))"
        },
        {
            "id": 2,
            "line": 8,
            "label": "return str;"
        },
        {
            "id": "a2",
            "line": "0-10",
            "label": "endif\treturn 'not ' + str;"
        }
    ],
    "edges": [
        {
            "id": 1,
            "source": "a1",
            "target": 2,
            "label": "True"
        },
        {
            "id": 2,
            "source": "a1",
            "target": "a2",
            "label": "False"
        }
    ]
}