{
    "file": "Warmup1Max1020-CFG.java",
    "nodes": [
        {
            "id": "a1",
            "line": "5-6",
            "label": "int max1020(int a, int b)\tif (b > a)"
        },
        {
            "id": "a3",
            "line": "7-8-9",
            "label": "a = a + b\tb = a - b\ta = a - b"
        },
        {
            "id": "a4",
            "line": "0-12",
            "label": "endif\tif (10 <= a && a <= 20)"
        },
        {
            "id": 7,
            "line": 13,
            "label": "return a;"
        },
        {
            "id": "a5",
            "line": "0-15",
            "label": "endif\tif (10 <= b && b <= 20)"
        },
        {
            "id": 10,
            "line": 16,
            "label": "return b;"
        },
        {
            "id": "a6",
            "line": "0-18",
            "label": "endif\treturn 0;"
        }
    ],
    "edges": [
        {
            "id": 1,
            "source": "a1",
            "target": "a3",
            "label": "True"
        },
        {
            "id": 4,
            "source": "a3",
            "target": "a4",
            "label": ""
        },
        {
            "id": 5,
            "source": "a1",
            "target": "a4",
            "label": "False"
        },
        {
            "id": 7,
            "source": "a4",
            "target": 7,
            "label": "True"
        },
        {
            "id": 8,
            "source": "a4",
            "target": "a5",
            "label": "False"
        },
        {
            "id": 10,
            "source": "a5",
            "target": 10,
            "label": "True"
        },
        {
            "id": 11,
            "source": "a5",
            "target": "a6",
            "label": "False"
        }
    ]
}