{
    "file": "Warmup2Doublex-CFG.java",
    "nodes": [
        {
            "id": "a1",
            "line": "5-6",
            "label": "boolean doubleX(String str)\tint i = 0"
        },
        {
            "id": 2,
            "line": 6,
            "label": "for (i < str.length() - 1)"
        },
        {
            "id": "a2",
            "line": "0-14",
            "label": "endfor\treturn false;"
        },
        {
            "id": 5,
            "line": 7,
            "label": "if (str.charAt(i) == 'x')"
        },
        {
            "id": 6,
            "line": 8,
            "label": "if (str.charAt(i + 1) == 'x')"
        },
        {
            "id": 7,
            "line": 9,
            "label": "return true;"
        },
        {
            "id": 8,
            "line": 0,
            "label": "endif"
        },
        {
            "id": 9,
            "line": 11,
            "label": "return false;"
        },
        {
            "id": "a3",
            "line": "0-6",
            "label": "endif\ti++"
        }
    ],
    "edges": [
        {
            "id": 1,
            "source": "a1",
            "target": 2,
            "label": ""
        },
        {
            "id": 2,
            "source": 2,
            "target": "a2",
            "label": "False"
        },
        {
            "id": 3,
            "source": 2,
            "target": 5,
            "label": "True"
        },
        {
            "id": 4,
            "source": 5,
            "target": 6,
            "label": "True"
        },
        {
            "id": 5,
            "source": 6,
            "target": 7,
            "label": "True"
        },
        {
            "id": 6,
            "source": 6,
            "target": 9,
            "label": "False"
        },
        {
            "id": 7,
            "source": 8,
            "target": "a3",
            "label": ""
        },
        {
            "id": 8,
            "source": 5,
            "target": "a3",
            "label": "False"
        },
        {
            "id": 10,
            "source": "a3",
            "target": 2,
            "label": ""
        }
    ]
}