{
  "directed": true,
  "multigraph": true,
  "label": "CFG of Ap1Dividesself.java",
  "type": "Control Flow Graph (CFG)",
  "file": "Ap1Dividesself.java",
  "package": "",

  "nodes": [
    {
      "id": 0,
      "line": 7,
      "label": "boolean dividesSelf(int n)"
    },
    {
      "id": 1,
      "line": 9,
      "label": "int val = n"
    },
    {
      "id": 2,
      "line": 9,
      "label": "for (val != 0)"
    },
    {
      "id": 3,
      "line": 9,
      "label": "val /= 10"
    },
    {
      "id": 4,
      "line": 0,
      "label": "endfor"
    },
    {
      "id": 5,
      "line": 10,
      "label": "int digit = val % 10"
    },
    {
      "id": 6,
      "line": 11,
      "label": "if (digit == 0 || n % digit != 0)"
    },
    {
      "id": 7,
      "line": 12,
      "label": "return false;"
    },
    {
      "id": 8,
      "line": 0,
      "label": "endif"
    },
    {
      "id": 9,
      "line": 15,
      "label": "return true;"
    }
  ],

  "edges": [
    {
      "id": 0,
      "source": 0,
      "target": 1,
      "label": ""
    },
    {
      "id": 1,
      "source": 1,
      "target": 2,
      "label": ""
    },
    {
      "id": 2,
      "source": 2,
      "target": 4,
      "label": "False"
    },
    {
      "id": 3,
      "source": 2,
      "target": 5,
      "label": "True"
    },
    {
      "id": 4,
      "source": 5,
      "target": 6,
      "label": ""
    },
    {
      "id": 5,
      "source": 6,
      "target": 7,
      "label": "True"
    },
    {
      "id": 6,
      "source": 6,
      "target": 8,
      "label": "False"
    },
    {
      "id": 7,
      "source": 8,
      "target": 3,
      "label": ""
    },
    {
      "id": 8,
      "source": 3,
      "target": 2,
      "label": ""
    },
    {
      "id": 9,
      "source": 4,
      "target": 9,
      "label": ""
    }
  ]
}
