{
  "directed": true,
  "multigraph": true,
  "label": "CFG of Ap1Scoresclump.java",
  "type": "Control Flow Graph (CFG)",
  "file": "Ap1Scoresclump.java",
  "package": "",

  "nodes": [
    {
      "id": 0,
      "line": 6,
      "label": "boolean scoresClump(int[] scores)"
    },
    {
      "id": 1,
      "line": 7,
      "label": "int i = 0"
    },
    {
      "id": 2,
      "line": 7,
      "label": "for (i <= scores.length - 3)"
    },
    {
      "id": 3,
      "line": 7,
      "label": "i++"
    },
    {
      "id": 4,
      "line": 0,
      "label": "endfor"
    },
    {
      "id": 5,
      "line": 8,
      "label": "if (scores[i+2] - scores[i] <= 2)"
    },
    {
      "id": 6,
      "line": 9,
      "label": "return true;"
    },
    {
      "id": 7,
      "line": 0,
      "label": "endif"
    },
    {
      "id": 8,
      "line": 12,
      "label": "return false;"
    }
  ],

  "edges": [
    {
      "id": 0,
      "source": 0,
      "target": 1,
      "label": ""
    },
    {
      "id": 1,
      "source": 1,
      "target": 2,
      "label": ""
    },
    {
      "id": 2,
      "source": 2,
      "target": 4,
      "label": "False"
    },
    {
      "id": 3,
      "source": 2,
      "target": 5,
      "label": "True"
    },
    {
      "id": 4,
      "source": 5,
      "target": 6,
      "label": "True"
    },
    {
      "id": 5,
      "source": 5,
      "target": 7,
      "label": "False"
    },
    {
      "id": 6,
      "source": 7,
      "target": 3,
      "label": ""
    },
    {
      "id": 7,
      "source": 3,
      "target": 2,
      "label": ""
    },
    {
      "id": 8,
      "source": 4,
      "target": 8,
      "label": ""
    }
  ]
}
