{
  "directed": true,
  "multigraph": true,
  "label": "CFG of Ap1Sumheights.java",
  "type": "Control Flow Graph (CFG)",
  "file": "Ap1Sumheights.java",
  "package": "",

  "nodes": [
    {
      "id": 0,
      "line": 9,
      "label": "int sumHeights(int[] heights, int start, int end)"
    },
    {
      "id": 1,
      "line": 10,
      "label": "int sum = 0"
    },
    {
      "id": 2,
      "line": 12,
      "label": "int i = start"
    },
    {
      "id": 3,
      "line": 12,
      "label": "for (i < end)"
    },
    {
      "id": 4,
      "line": 12,
      "label": "i++"
    },
    {
      "id": 5,
      "line": 0,
      "label": "endfor"
    },
    {
      "id": 6,
      "line": 13,
      "label": "sum += Math.abs(heights[i] - heights[i+1])"
    },
    {
      "id": 7,
      "line": 15,
      "label": "return sum;"
    }
  ],

  "edges": [
    {
      "id": 0,
      "source": 0,
      "target": 1,
      "label": ""
    },
    {
      "id": 1,
      "source": 1,
      "target": 2,
      "label": ""
    },
    {
      "id": 2,
      "source": 2,
      "target": 3,
      "label": ""
    },
    {
      "id": 3,
      "source": 3,
      "target": 5,
      "label": "False"
    },
    {
      "id": 4,
      "source": 3,
      "target": 6,
      "label": "True"
    },
    {
      "id": 5,
      "source": 6,
      "target": 4,
      "label": ""
    },
    {
      "id": 6,
      "source": 4,
      "target": 3,
      "label": ""
    },
    {
      "id": 7,
      "source": 5,
      "target": 7,
      "label": ""
    }
  ]
}
