{
  "directed": true,
  "multigraph": true,
  "label": "CFG of Ap1Wordsfront.java",
  "type": "Control Flow Graph (CFG)",
  "file": "Ap1Wordsfront.java",
  "package": "",

  "nodes": [
    {
      "id": 0,
      "line": 5,
      "label": "String[] wordsFront(String[] words, int n)"
    },
    {
      "id": 1,
      "line": 6,
      "label": "String[] arr = new String[n]"
    },
    {
      "id": 2,
      "line": 8,
      "label": "int i = 0"
    },
    {
      "id": 3,
      "line": 8,
      "label": "for (i < arr.length)"
    },
    {
      "id": 4,
      "line": 8,
      "label": "i++"
    },
    {
      "id": 5,
      "line": 0,
      "label": "endfor"
    },
    {
      "id": 6,
      "line": 9,
      "label": "arr[i] = words[i]"
    },
    {
      "id": 7,
      "line": 11,
      "label": "return arr;"
    }
  ],

  "edges": [
    {
      "id": 0,
      "source": 0,
      "target": 1,
      "label": ""
    },
    {
      "id": 1,
      "source": 1,
      "target": 2,
      "label": ""
    },
    {
      "id": 2,
      "source": 2,
      "target": 3,
      "label": ""
    },
    {
      "id": 3,
      "source": 3,
      "target": 5,
      "label": "False"
    },
    {
      "id": 4,
      "source": 3,
      "target": 6,
      "label": "True"
    },
    {
      "id": 5,
      "source": 6,
      "target": 4,
      "label": ""
    },
    {
      "id": 6,
      "source": 4,
      "target": 3,
      "label": ""
    },
    {
      "id": 7,
      "source": 5,
      "target": 7,
      "label": ""
    }
  ]
}
