{
  "directed": true,
  "multigraph": true,
  "label": "CFG of Ap1Wordswithout.java",
  "type": "Control Flow Graph (CFG)",
  "file": "Ap1Wordswithout.java",
  "package": "",

  "nodes": [
    {
      "id": 0,
      "line": 7,
      "label": "String[] wordsWithout(String[] words, String target)"
    },
    {
      "id": 1,
      "line": 8,
      "label": "int count = 0"
    },
    {
      "id": 2,
      "line": 10,
      "label": "int i = 0"
    },
    {
      "id": 3,
      "line": 10,
      "label": "for (i < words.length)"
    },
    {
      "id": 4,
      "line": 10,
      "label": "i++"
    },
    {
      "id": 5,
      "line": 0,
      "label": "endfor"
    },
    {
      "id": 6,
      "line": 11,
      "label": "if (!words[i].equals(target))"
    },
    {
      "id": 7,
      "line": 12,
      "label": "count++"
    },
    {
      "id": 8,
      "line": 0,
      "label": "endif"
    },
    {
      "id": 9,
      "line": 15,
      "label": "String[] arr = new String[count]"
    },
    {
      "id": 10,
      "line": 16,
      "label": "int index = 0"
    },
    {
      "id": 11,
      "line": 18,
      "label": "int i = 0"
    },
    {
      "id": 12,
      "line": 18,
      "label": "for (index < count)"
    },
    {
      "id": 13,
      "line": 18,
      "label": "i++"
    },
    {
      "id": 14,
      "line": 0,
      "label": "endfor"
    },
    {
      "id": 15,
      "line": 19,
      "label": "if (!words[i].equals(target))"
    },
    {
      "id": 16,
      "line": 20,
      "label": "arr[index] = words[i]"
    },
    {
      "id": 17,
      "line": 21,
      "label": "index++"
    },
    {
      "id": 18,
      "line": 0,
      "label": "endif"
    },
    {
      "id": 19,
      "line": 25,
      "label": "return arr;"
    }
  ],

  "edges": [
    {
      "id": 0,
      "source": 0,
      "target": 1,
      "label": ""
    },
    {
      "id": 1,
      "source": 1,
      "target": 2,
      "label": ""
    },
    {
      "id": 2,
      "source": 2,
      "target": 3,
      "label": ""
    },
    {
      "id": 3,
      "source": 3,
      "target": 5,
      "label": "False"
    },
    {
      "id": 4,
      "source": 3,
      "target": 6,
      "label": "True"
    },
    {
      "id": 5,
      "source": 6,
      "target": 7,
      "label": "True"
    },
    {
      "id": 6,
      "source": 7,
      "target": 8,
      "label": ""
    },
    {
      "id": 7,
      "source": 6,
      "target": 8,
      "label": "False"
    },
    {
      "id": 8,
      "source": 8,
      "target": 4,
      "label": ""
    },
    {
      "id": 9,
      "source": 4,
      "target": 3,
      "label": ""
    },
    {
      "id": 10,
      "source": 5,
      "target": 9,
      "label": ""
    },
    {
      "id": 11,
      "source": 9,
      "target": 10,
      "label": ""
    },
    {
      "id": 12,
      "source": 10,
      "target": 11,
      "label": ""
    },
    {
      "id": 13,
      "source": 11,
      "target": 12,
      "label": ""
    },
    {
      "id": 14,
      "source": 12,
      "target": 14,
      "label": "False"
    },
    {
      "id": 15,
      "source": 12,
      "target": 15,
      "label": "True"
    },
    {
      "id": 16,
      "source": 15,
      "target": 16,
      "label": "True"
    },
    {
      "id": 17,
      "source": 16,
      "target": 17,
      "label": ""
    },
    {
      "id": 18,
      "source": 17,
      "target": 18,
      "label": ""
    },
    {
      "id": 19,
      "source": 15,
      "target": 18,
      "label": "False"
    },
    {
      "id": 20,
      "source": 18,
      "target": 13,
      "label": ""
    },
    {
      "id": 21,
      "source": 13,
      "target": 12,
      "label": ""
    },
    {
      "id": 22,
      "source": 14,
      "target": 19,
      "label": ""
    }
  ]
}
