{
  "directed": true,
  "multigraph": true,
  "label": "CFG of Array1Make2.java",
  "type": "Control Flow Graph (CFG)",
  "file": "Array1Make2.java",
  "package": "",

  "nodes": [
    {
      "id": 0,
      "line": 7,
      "label": "int[] make2(int[] a, int[] b)"
    },
    {
      "id": 1,
      "line": 8,
      "label": "int[] arr = new int[2]"
    },
    {
      "id": 2,
      "line": 9,
      "label": "int count = 0"
    },
    {
      "id": 3,
      "line": 10,
      "label": "int i"
    },
    {
      "id": 4,
      "line": 12,
      "label": "i = 0"
    },
    {
      "id": 5,
      "line": 13,
      "label": "while (count < 2 && i < a.length)"
    },
    {
      "id": 6,
      "line": 0,
      "label": "endwhile"
    },
    {
      "id": 7,
      "line": 14,
      "label": "arr[count] = a[i]"
    },
    {
      "id": 8,
      "line": 15,
      "label": "count++"
    },
    {
      "id": 9,
      "line": 16,
      "label": "i++"
    },
    {
      "id": 10,
      "line": 19,
      "label": "i = 0"
    },
    {
      "id": 11,
      "line": 20,
      "label": "while (count < 2 && i < b.length)"
    },
    {
      "id": 12,
      "line": 0,
      "label": "endwhile"
    },
    {
      "id": 13,
      "line": 21,
      "label": "arr[count] = b[i]"
    },
    {
      "id": 14,
      "line": 22,
      "label": "count++"
    },
    {
      "id": 15,
      "line": 23,
      "label": "i++"
    },
    {
      "id": 16,
      "line": 26,
      "label": "return arr;"
    }
  ],

  "edges": [
    {
      "id": 0,
      "source": 0,
      "target": 1,
      "label": ""
    },
    {
      "id": 1,
      "source": 1,
      "target": 2,
      "label": ""
    },
    {
      "id": 2,
      "source": 2,
      "target": 3,
      "label": ""
    },
    {
      "id": 3,
      "source": 3,
      "target": 4,
      "label": ""
    },
    {
      "id": 4,
      "source": 4,
      "target": 5,
      "label": ""
    },
    {
      "id": 5,
      "source": 5,
      "target": 6,
      "label": "False"
    },
    {
      "id": 6,
      "source": 5,
      "target": 7,
      "label": "True"
    },
    {
      "id": 7,
      "source": 7,
      "target": 8,
      "label": ""
    },
    {
      "id": 8,
      "source": 8,
      "target": 9,
      "label": ""
    },
    {
      "id": 9,
      "source": 9,
      "target": 5,
      "label": ""
    },
    {
      "id": 10,
      "source": 6,
      "target": 10,
      "label": ""
    },
    {
      "id": 11,
      "source": 10,
      "target": 11,
      "label": ""
    },
    {
      "id": 12,
      "source": 11,
      "target": 12,
      "label": "False"
    },
    {
      "id": 13,
      "source": 11,
      "target": 13,
      "label": "True"
    },
    {
      "id": 14,
      "source": 13,
      "target": 14,
      "label": ""
    },
    {
      "id": 15,
      "source": 14,
      "target": 15,
      "label": ""
    },
    {
      "id": 16,
      "source": 15,
      "target": 11,
      "label": ""
    },
    {
      "id": 17,
      "source": 12,
      "target": 16,
      "label": ""
    }
  ]
}
