{
  "directed": true,
  "multigraph": true,
  "label": "CFG of Array1Biggertwo.java",
  "type": "Control Flow Graph (CFG)",
  "file": "Array1Biggertwo.java",
  "package": "",

  "nodes": [
    {
      "id": 0,
      "line": 6,
      "label": "int[] biggerTwo(int[] a, int[] b)"
    },
    {
      "id": 1,
      "line": 7,
      "label": "if (a[0] + a[1] < b[0] + b[1])"
    },
    {
      "id": 2,
      "line": 8,
      "label": "return b;"
    },
    {
      "id": 3,
      "line": 0,
      "label": "endif"
    },
    {
      "id": 4,
      "line": 10,
      "label": "return a;"
    }
  ],

  "edges": [
    {
      "id": 0,
      "source": 0,
      "target": 1,
      "label": ""
    },
    {
      "id": 1,
      "source": 1,
      "target": 2,
      "label": "True"
    },
    {
      "id": 2,
      "source": 1,
      "target": 3,
      "label": "False"
    },
    {
      "id": 3,
      "source": 3,
      "target": 4,
      "label": ""
    }
  ]
}
