{
  "directed": true,
  "multigraph": true,
  "label": "CFG of Array1Makelast.java",
  "type": "Control Flow Graph (CFG)",
  "file": "Array1Makelast.java",
  "package": "",

  "nodes": [
    {
      "id": 0,
      "line": 7,
      "label": "int[] makeLast(int[] nums)"
    },
    {
      "id": 1,
      "line": 8,
      "label": "int[] arr = new int[2 * nums.length]"
    },
    {
      "id": 2,
      "line": 9,
      "label": "arr[arr.length - 1] = nums[nums.length - 1]"
    },
    {
      "id": 3,
      "line": 10,
      "label": "return arr;"
    }
  ],

  "edges": [
    {
      "id": 0,
      "source": 0,
      "target": 1,
      "label": ""
    },
    {
      "id": 1,
      "source": 1,
      "target": 2,
      "label": ""
    },
    {
      "id": 2,
      "source": 2,
      "target": 3,
      "label": ""
    }
  ]
}
