{
  "directed": true,
  "multigraph": true,
  "label": "CFG of Array2Sum13.java",
  "type": "Control Flow Graph (CFG)",
  "file": "Array2Sum13.java",
  "package": "",

  "nodes": [
    {
      "id": 0,
      "line": 6,
      "label": "int sum13(int[] nums)"
    },
    {
      "id": 1,
      "line": 7,
      "label": "int sum = 0"
    },
    {
      "id": 2,
      "line": 8,
      "label": "int i = 0"
    },
    {
      "id": 3,
      "line": 10,
      "label": "while (i < nums.length)"
    },
    {
      "id": 4,
      "line": 0,
      "label": "endwhile"
    },
    {
      "id": 5,
      "line": 11,
      "label": "if (nums[i] == 13)"
    },
    {
      "id": 6,
      "line": 12,
      "label": "i += 2"
    },
    {
      "id": 7,
      "line": 0,
      "label": "endif"
    },
    {
      "id": 8,
      "line": 14,
      "label": "sum += nums[i]"
    },
    {
      "id": 9,
      "line": 15,
      "label": "i++"
    },
    {
      "id": 10,
      "line": 19,
      "label": "return sum;"
    }
  ],

  "edges": [
    {
      "id": 0,
      "source": 0,
      "target": 1,
      "label": ""
    },
    {
      "id": 1,
      "source": 1,
      "target": 2,
      "label": ""
    },
    {
      "id": 2,
      "source": 2,
      "target": 3,
      "label": ""
    },
    {
      "id": 3,
      "source": 3,
      "target": 4,
      "label": "False"
    },
    {
      "id": 4,
      "source": 3,
      "target": 5,
      "label": "True"
    },
    {
      "id": 5,
      "source": 5,
      "target": 6,
      "label": "True"
    },
    {
      "id": 6,
      "source": 6,
      "target": 7,
      "label": ""
    },
    {
      "id": 7,
      "source": 5,
      "target": 8,
      "label": "False"
    },
    {
      "id": 8,
      "source": 8,
      "target": 9,
      "label": ""
    },
    {
      "id": 9,
      "source": 9,
      "target": 7,
      "label": ""
    },
    {
      "id": 10,
      "source": 7,
      "target": 3,
      "label": ""
    },
    {
      "id": 11,
      "source": 4,
      "target": 10,
      "label": ""
    }
  ]
}
