{
  "directed": true,
  "multigraph": true,
  "label": "CFG of Array1Fix23.java",
  "type": "Control Flow Graph (CFG)",
  "file": "Array1Fix23.java",
  "package": "",

  "nodes": [
    {
      "id": 0,
      "line": 5,
      "label": "int[] fix23(int[] nums)"
    },
    {
      "id": 1,
      "line": 6,
      "label": "int i = 0"
    },
    {
      "id": 2,
      "line": 6,
      "label": "for (i < nums.length - 1)"
    },
    {
      "id": 3,
      "line": 6,
      "label": "i++"
    },
    {
      "id": 4,
      "line": 0,
      "label": "endfor"
    },
    {
      "id": 5,
      "line": 7,
      "label": "if (nums[i] == 2 && nums[i + 1] == 3)"
    },
    {
      "id": 6,
      "line": 8,
      "label": "nums[i + 1] = 0"
    },
    {
      "id": 7,
      "line": 0,
      "label": "endif"
    },
    {
      "id": 8,
      "line": 11,
      "label": "return nums;"
    }
  ],

  "edges": [
    {
      "id": 0,
      "source": 0,
      "target": 1,
      "label": ""
    },
    {
      "id": 1,
      "source": 1,
      "target": 2,
      "label": ""
    },
    {
      "id": 2,
      "source": 2,
      "target": 4,
      "label": "False"
    },
    {
      "id": 3,
      "source": 2,
      "target": 5,
      "label": "True"
    },
    {
      "id": 4,
      "source": 5,
      "target": 6,
      "label": "True"
    },
    {
      "id": 5,
      "source": 6,
      "target": 7,
      "label": ""
    },
    {
      "id": 6,
      "source": 5,
      "target": 7,
      "label": "False"
    },
    {
      "id": 7,
      "source": 7,
      "target": 3,
      "label": ""
    },
    {
      "id": 8,
      "source": 3,
      "target": 2,
      "label": ""
    },
    {
      "id": 9,
      "source": 4,
      "target": 8,
      "label": ""
    }
  ]
}
