{
  "directed": true,
  "multigraph": true,
  "label": "CFG of Array2Sum67.java",
  "type": "Control Flow Graph (CFG)",
  "file": "Array2Sum67.java",
  "package": "",

  "nodes": [
    {
      "id": 0,
      "line": 6,
      "label": "int sum67(int[] nums)"
    },
    {
      "id": 1,
      "line": 7,
      "label": "int sum = 0"
    },
    {
      "id": 2,
      "line": 8,
      "label": "boolean inRange = false"
    },
    {
      "id": 3,
      "line": 10,
      "label": "int i = 0"
    },
    {
      "id": 4,
      "line": 10,
      "label": "for (i < nums.length)"
    },
    {
      "id": 5,
      "line": 10,
      "label": "i++"
    },
    {
      "id": 6,
      "line": 0,
      "label": "endfor"
    },
    {
      "id": 7,
      "line": 11,
      "label": "if (nums[i] == 6)"
    },
    {
      "id": 8,
      "line": 12,
      "label": "inRange = true"
    },
    {
      "id": 9,
      "line": 0,
      "label": "endif"
    },
    {
      "id": 10,
      "line": 14,
      "label": "if (!inRange)"
    },
    {
      "id": 11,
      "line": 15,
      "label": "sum += nums[i]"
    },
    {
      "id": 12,
      "line": 0,
      "label": "endif"
    },
    {
      "id": 13,
      "line": 17,
      "label": "if (inRange && nums[i] == 7)"
    },
    {
      "id": 14,
      "line": 18,
      "label": "inRange = false"
    },
    {
      "id": 15,
      "line": 0,
      "label": "endif"
    },
    {
      "id": 16,
      "line": 22,
      "label": "return sum;"
    }
  ],

  "edges": [
    {
      "id": 0,
      "source": 0,
      "target": 1,
      "label": ""
    },
    {
      "id": 1,
      "source": 1,
      "target": 2,
      "label": ""
    },
    {
      "id": 2,
      "source": 2,
      "target": 3,
      "label": ""
    },
    {
      "id": 3,
      "source": 3,
      "target": 4,
      "label": ""
    },
    {
      "id": 4,
      "source": 4,
      "target": 6,
      "label": "False"
    },
    {
      "id": 5,
      "source": 4,
      "target": 7,
      "label": "True"
    },
    {
      "id": 6,
      "source": 7,
      "target": 8,
      "label": "True"
    },
    {
      "id": 7,
      "source": 8,
      "target": 9,
      "label": ""
    },
    {
      "id": 8,
      "source": 7,
      "target": 9,
      "label": "False"
    },
    {
      "id": 9,
      "source": 9,
      "target": 10,
      "label": ""
    },
    {
      "id": 10,
      "source": 10,
      "target": 11,
      "label": "True"
    },
    {
      "id": 11,
      "source": 11,
      "target": 12,
      "label": ""
    },
    {
      "id": 12,
      "source": 10,
      "target": 12,
      "label": "False"
    },
    {
      "id": 13,
      "source": 12,
      "target": 13,
      "label": ""
    },
    {
      "id": 14,
      "source": 13,
      "target": 14,
      "label": "True"
    },
    {
      "id": 15,
      "source": 14,
      "target": 15,
      "label": ""
    },
    {
      "id": 16,
      "source": 13,
      "target": 15,
      "label": "False"
    },
    {
      "id": 17,
      "source": 15,
      "target": 5,
      "label": ""
    },
    {
      "id": 18,
      "source": 5,
      "target": 4,
      "label": ""
    },
    {
      "id": 19,
      "source": 6,
      "target": 16,
      "label": ""
    }
  ]
}
