{
  "directed": true,
  "multigraph": true,
  "label": "CFG of Array3Maxmirror.java",
  "type": "Control Flow Graph (CFG)",
  "file": "Array3Maxmirror.java",
  "package": "",

  "nodes": [
    {
      "id": 0,
      "line": 8,
      "label": "int maxMirror(int[] nums)"
    },
    {
      "id": 1,
      "line": 9,
      "label": "int max = 0"
    },
    {
      "id": 2,
      "line": 11,
      "label": "int i = 0"
    },
    {
      "id": 3,
      "line": 11,
      "label": "for (i < nums.length)"
    },
    {
      "id": 4,
      "line": 11,
      "label": "i++"
    },
    {
      "id": 5,
      "line": 0,
      "label": "endfor"
    },
    {
      "id": 6,
      "line": 12,
      "label": "int count = 0"
    },
    {
      "id": 7,
      "line": 13,
      "label": "int j = nums.length - 1"
    },
    {
      "id": 8,
      "line": 13,
      "label": "for (j >= 0 && i + count < nums.length)"
    },
    {
      "id": 9,
      "line": 13,
      "label": "j--"
    },
    {
      "id": 10,
      "line": 0,
      "label": "endfor"
    },
    {
      "id": 11,
      "line": 14,
      "label": "if (nums[i + count] == nums[j])"
    },
    {
      "id": 12,
      "line": 15,
      "label": "count++"
    },
    {
      "id": 13,
      "line": 0,
      "label": "endif"
    },
    {
      "id": 14,
      "line": 17,
      "label": "max = Math.max(max, count)"
    },
    {
      "id": 15,
      "line": 18,
      "label": "count = 0"
    },
    {
      "id": 16,
      "line": 22,
      "label": "max = Math.max(max, count)"
    },
    {
      "id": 17,
      "line": 25,
      "label": "return max;"
    }
  ],

  "edges": [
    {
      "id": 0,
      "source": 0,
      "target": 1,
      "label": ""
    },
    {
      "id": 1,
      "source": 1,
      "target": 2,
      "label": ""
    },
    {
      "id": 2,
      "source": 2,
      "target": 3,
      "label": ""
    },
    {
      "id": 3,
      "source": 3,
      "target": 5,
      "label": "False"
    },
    {
      "id": 4,
      "source": 3,
      "target": 6,
      "label": "True"
    },
    {
      "id": 5,
      "source": 6,
      "target": 7,
      "label": ""
    },
    {
      "id": 6,
      "source": 7,
      "target": 8,
      "label": ""
    },
    {
      "id": 7,
      "source": 8,
      "target": 10,
      "label": "False"
    },
    {
      "id": 8,
      "source": 8,
      "target": 11,
      "label": "True"
    },
    {
      "id": 9,
      "source": 11,
      "target": 12,
      "label": "True"
    },
    {
      "id": 10,
      "source": 12,
      "target": 13,
      "label": ""
    },
    {
      "id": 11,
      "source": 11,
      "target": 14,
      "label": "False"
    },
    {
      "id": 12,
      "source": 14,
      "target": 15,
      "label": ""
    },
    {
      "id": 13,
      "source": 15,
      "target": 13,
      "label": ""
    },
    {
      "id": 14,
      "source": 13,
      "target": 9,
      "label": ""
    },
    {
      "id": 15,
      "source": 9,
      "target": 8,
      "label": ""
    },
    {
      "id": 16,
      "source": 10,
      "target": 16,
      "label": ""
    },
    {
      "id": 17,
      "source": 16,
      "target": 4,
      "label": ""
    },
    {
      "id": 18,
      "source": 4,
      "target": 3,
      "label": ""
    },
    {
      "id": 19,
      "source": 5,
      "target": 17,
      "label": ""
    }
  ]
}
