{
  "directed": true,
  "multigraph": true,
  "label": "CFG of Array2Zeromax.java",
  "type": "Control Flow Graph (CFG)",
  "file": "Array2Zeromax.java",
  "package": "",

  "nodes": [
    {
      "id": 0,
      "line": 6,
      "label": "int[] zeroMax(int[] nums)"
    },
    {
      "id": 1,
      "line": 7,
      "label": "int i = nums.length - 1"
    },
    {
      "id": 2,
      "line": 9,
      "label": "while (i >= 0 && nums[i] % 2 == 0)"
    },
    {
      "id": 3,
      "line": 0,
      "label": "endwhile"
    },
    {
      "id": 4,
      "line": 10,
      "label": "i--"
    },
    {
      "id": 5,
      "line": 12,
      "label": "int j = i - 1"
    },
    {
      "id": 6,
      "line": 12,
      "label": "for (j >= 0)"
    },
    {
      "id": 7,
      "line": 12,
      "label": "j--"
    },
    {
      "id": 8,
      "line": 0,
      "label": "endfor"
    },
    {
      "id": 9,
      "line": 13,
      "label": "if (nums[j] == 0)"
    },
    {
      "id": 10,
      "line": 14,
      "label": "nums[j] = nums[i]"
    },
    {
      "id": 11,
      "line": 0,
      "label": "endif"
    },
    {
      "id": 12,
      "line": 16,
      "label": "if (nums[j] % 2 == 1 && nums[j] > nums[i])"
    },
    {
      "id": 13,
      "line": 17,
      "label": "i = j"
    },
    {
      "id": 14,
      "line": 0,
      "label": "endif"
    },
    {
      "id": 15,
      "line": 20,
      "label": "return nums;"
    }
  ],

  "edges": [
    {
      "id": 0,
      "source": 0,
      "target": 1,
      "label": ""
    },
    {
      "id": 1,
      "source": 1,
      "target": 2,
      "label": ""
    },
    {
      "id": 2,
      "source": 2,
      "target": 3,
      "label": "False"
    },
    {
      "id": 3,
      "source": 2,
      "target": 4,
      "label": "True"
    },
    {
      "id": 4,
      "source": 4,
      "target": 2,
      "label": ""
    },
    {
      "id": 5,
      "source": 3,
      "target": 5,
      "label": ""
    },
    {
      "id": 6,
      "source": 5,
      "target": 6,
      "label": ""
    },
    {
      "id": 7,
      "source": 6,
      "target": 8,
      "label": "False"
    },
    {
      "id": 8,
      "source": 6,
      "target": 9,
      "label": "True"
    },
    {
      "id": 9,
      "source": 9,
      "target": 10,
      "label": "True"
    },
    {
      "id": 10,
      "source": 10,
      "target": 11,
      "label": ""
    },
    {
      "id": 11,
      "source": 9,
      "target": 11,
      "label": "False"
    },
    {
      "id": 12,
      "source": 11,
      "target": 12,
      "label": ""
    },
    {
      "id": 13,
      "source": 12,
      "target": 13,
      "label": "True"
    },
    {
      "id": 14,
      "source": 13,
      "target": 14,
      "label": ""
    },
    {
      "id": 15,
      "source": 12,
      "target": 14,
      "label": "False"
    },
    {
      "id": 16,
      "source": 14,
      "target": 7,
      "label": ""
    },
    {
      "id": 17,
      "source": 7,
      "target": 6,
      "label": ""
    },
    {
      "id": 18,
      "source": 8,
      "target": 15,
      "label": ""
    }
  ]
}
