{
  "directed": true,
  "multigraph": true,
  "label": "CFG of Array2Fizzarray.java",
  "type": "Control Flow Graph (CFG)",
  "file": "Array2Fizzarray.java",
  "package": "",

  "nodes": [
    {
      "id": 0,
      "line": 8,
      "label": "int[] fizzArray(int n)"
    },
    {
      "id": 1,
      "line": 9,
      "label": "int[] arr = new int[n]"
    },
    {
      "id": 2,
      "line": 11,
      "label": "int i = 0"
    },
    {
      "id": 3,
      "line": 11,
      "label": "for (i < n)"
    },
    {
      "id": 4,
      "line": 11,
      "label": "i++"
    },
    {
      "id": 5,
      "line": 0,
      "label": "endfor"
    },
    {
      "id": 6,
      "line": 12,
      "label": "arr[i] = i"
    },
    {
      "id": 7,
      "line": 14,
      "label": "return arr;"
    }
  ],

  "edges": [
    {
      "id": 0,
      "source": 0,
      "target": 1,
      "label": ""
    },
    {
      "id": 1,
      "source": 1,
      "target": 2,
      "label": ""
    },
    {
      "id": 2,
      "source": 2,
      "target": 3,
      "label": ""
    },
    {
      "id": 3,
      "source": 3,
      "target": 5,
      "label": "False"
    },
    {
      "id": 4,
      "source": 3,
      "target": 6,
      "label": "True"
    },
    {
      "id": 5,
      "source": 6,
      "target": 4,
      "label": ""
    },
    {
      "id": 6,
      "source": 4,
      "target": 3,
      "label": ""
    },
    {
      "id": 7,
      "source": 5,
      "target": 7,
      "label": ""
    }
  ]
}
