{
  "directed": true,
  "multigraph": true,
  "label": "CFG of Array2Fizzarray3.java",
  "type": "Control Flow Graph (CFG)",
  "file": "Array2Fizzarray3.java",
  "package": "",

  "nodes": [
    {
      "id": 0,
      "line": 7,
      "label": "int[] fizzArray3(int start, int end)"
    },
    {
      "id": 1,
      "line": 8,
      "label": "int[] arr = new int[end - start]"
    },
    {
      "id": 2,
      "line": 10,
      "label": "int i = start"
    },
    {
      "id": 3,
      "line": 10,
      "label": "for (i < end)"
    },
    {
      "id": 4,
      "line": 10,
      "label": "i++"
    },
    {
      "id": 5,
      "line": 0,
      "label": "endfor"
    },
    {
      "id": 6,
      "line": 11,
      "label": "arr[i - start] = i"
    },
    {
      "id": 7,
      "line": 13,
      "label": "return arr;"
    }
  ],

  "edges": [
    {
      "id": 0,
      "source": 0,
      "target": 1,
      "label": ""
    },
    {
      "id": 1,
      "source": 1,
      "target": 2,
      "label": ""
    },
    {
      "id": 2,
      "source": 2,
      "target": 3,
      "label": ""
    },
    {
      "id": 3,
      "source": 3,
      "target": 5,
      "label": "False"
    },
    {
      "id": 4,
      "source": 3,
      "target": 6,
      "label": "True"
    },
    {
      "id": 5,
      "source": 6,
      "target": 4,
      "label": ""
    },
    {
      "id": 6,
      "source": 4,
      "target": 3,
      "label": ""
    },
    {
      "id": 7,
      "source": 5,
      "target": 7,
      "label": ""
    }
  ]
}
