{
  "directed": true,
  "multigraph": true,
  "label": "CFG of Array3Fix45.java",
  "type": "Control Flow Graph (CFG)",
  "file": "Array3Fix45.java",
  "package": "",

  "nodes": [
    {
      "id": 0,
      "line": 8,
      "label": "int[] fix45(int[] nums)"
    },
    {
      "id": 1,
      "line": 9,
      "label": "int i = 0"
    },
    {
      "id": 2,
      "line": 10,
      "label": "int j = 0"
    },
    {
      "id": 3,
      "line": 12,
      "label": "while (j < nums.length && nums[j] != 5)"
    },
    {
      "id": 4,
      "line": 0,
      "label": "endwhile"
    },
    {
      "id": 5,
      "line": 13,
      "label": "j++"
    },
    {
      "id": 6,
      "line": 15,
      "label": "while (i < nums.length)"
    },
    {
      "id": 7,
      "line": 0,
      "label": "endwhile"
    },
    {
      "id": 8,
      "line": 16,
      "label": "if (nums[i] == 4)"
    },
    {
      "id": 9,
      "line": 17,
      "label": "int temp = nums[i+1]"
    },
    {
      "id": 10,
      "line": 18,
      "label": "nums[i+1] = nums[j]"
    },
    {
      "id": 11,
      "line": 19,
      "label": "nums[j] = temp"
    },
    {
      "id": 12,
      "line": 21,
      "label": "while ((j < nums.length && nums[j] != 5) || j == i + 1)"
    },
    {
      "id": 13,
      "line": 0,
      "label": "endwhile"
    },
    {
      "id": 14,
      "line": 22,
      "label": "j++"
    },
    {
      "id": 15,
      "line": 0,
      "label": "endif"
    },
    {
      "id": 16,
      "line": 24,
      "label": "i++"
    },
    {
      "id": 17,
      "line": 27,
      "label": "return nums;"
    }
  ],

  "edges": [
    {
      "id": 0,
      "source": 0,
      "target": 1,
      "label": ""
    },
    {
      "id": 1,
      "source": 1,
      "target": 2,
      "label": ""
    },
    {
      "id": 2,
      "source": 2,
      "target": 3,
      "label": ""
    },
    {
      "id": 3,
      "source": 3,
      "target": 4,
      "label": "False"
    },
    {
      "id": 4,
      "source": 3,
      "target": 5,
      "label": "True"
    },
    {
      "id": 5,
      "source": 5,
      "target": 3,
      "label": ""
    },
    {
      "id": 6,
      "source": 4,
      "target": 6,
      "label": ""
    },
    {
      "id": 7,
      "source": 6,
      "target": 7,
      "label": "False"
    },
    {
      "id": 8,
      "source": 6,
      "target": 8,
      "label": "True"
    },
    {
      "id": 9,
      "source": 8,
      "target": 9,
      "label": "True"
    },
    {
      "id": 10,
      "source": 9,
      "target": 10,
      "label": ""
    },
    {
      "id": 11,
      "source": 10,
      "target": 11,
      "label": ""
    },
    {
      "id": 12,
      "source": 11,
      "target": 12,
      "label": ""
    },
    {
      "id": 13,
      "source": 12,
      "target": 13,
      "label": "False"
    },
    {
      "id": 14,
      "source": 12,
      "target": 14,
      "label": "True"
    },
    {
      "id": 15,
      "source": 14,
      "target": 12,
      "label": ""
    },
    {
      "id": 16,
      "source": 13,
      "target": 15,
      "label": ""
    },
    {
      "id": 17,
      "source": 8,
      "target": 15,
      "label": "False"
    },
    {
      "id": 18,
      "source": 15,
      "target": 16,
      "label": ""
    },
    {
      "id": 19,
      "source": 16,
      "target": 6,
      "label": ""
    },
    {
      "id": 20,
      "source": 7,
      "target": 17,
      "label": ""
    }
  ]
}
