{
  "directed": true,
  "multigraph": true,
  "label": "CFG of Array3Countclumps.java",
  "type": "Control Flow Graph (CFG)",
  "file": "Array3Countclumps.java",
  "package": "",

  "nodes": [
    {
      "id": 0,
      "line": 5,
      "label": "int countClumps(int[] nums)"
    },
    {
      "id": 1,
      "line": 6,
      "label": "int count = 0"
    },
    {
      "id": 2,
      "line": 7,
      "label": "int i = 0"
    },
    {
      "id": 3,
      "line": 9,
      "label": "while (i < nums.length)"
    },
    {
      "id": 4,
      "line": 0,
      "label": "endwhile"
    },
    {
      "id": 5,
      "line": 10,
      "label": "int val = nums[i]"
    },
    {
      "id": 6,
      "line": 11,
      "label": "i++"
    },
    {
      "id": 7,
      "line": 12,
      "label": "int length = 1"
    },
    {
      "id": 8,
      "line": 13,
      "label": "while (i < nums.length && nums[i] == val)"
    },
    {
      "id": 9,
      "line": 0,
      "label": "endwhile"
    },
    {
      "id": 10,
      "line": 14,
      "label": "i++"
    },
    {
      "id": 11,
      "line": 15,
      "label": "length++"
    },
    {
      "id": 12,
      "line": 18,
      "label": "if (length > 1)"
    },
    {
      "id": 13,
      "line": 19,
      "label": "count++"
    },
    {
      "id": 14,
      "line": 0,
      "label": "endif"
    },
    {
      "id": 15,
      "line": 22,
      "label": "return count;"
    }
  ],

  "edges": [
    {
      "id": 0,
      "source": 0,
      "target": 1,
      "label": ""
    },
    {
      "id": 1,
      "source": 1,
      "target": 2,
      "label": ""
    },
    {
      "id": 2,
      "source": 2,
      "target": 3,
      "label": ""
    },
    {
      "id": 3,
      "source": 3,
      "target": 4,
      "label": "False"
    },
    {
      "id": 4,
      "source": 3,
      "target": 5,
      "label": "True"
    },
    {
      "id": 5,
      "source": 5,
      "target": 6,
      "label": ""
    },
    {
      "id": 6,
      "source": 6,
      "target": 7,
      "label": ""
    },
    {
      "id": 7,
      "source": 7,
      "target": 8,
      "label": ""
    },
    {
      "id": 8,
      "source": 8,
      "target": 9,
      "label": "False"
    },
    {
      "id": 9,
      "source": 8,
      "target": 10,
      "label": "True"
    },
    {
      "id": 10,
      "source": 10,
      "target": 11,
      "label": ""
    },
    {
      "id": 11,
      "source": 11,
      "target": 8,
      "label": ""
    },
    {
      "id": 12,
      "source": 9,
      "target": 12,
      "label": ""
    },
    {
      "id": 13,
      "source": 12,
      "target": 13,
      "label": "True"
    },
    {
      "id": 14,
      "source": 13,
      "target": 14,
      "label": ""
    },
    {
      "id": 15,
      "source": 12,
      "target": 14,
      "label": "False"
    },
    {
      "id": 16,
      "source": 14,
      "target": 3,
      "label": ""
    },
    {
      "id": 17,
      "source": 4,
      "target": 15,
      "label": ""
    }
  ]
}
