{
  "directed": true,
  "multigraph": true,
  "label": "CFG of Array2Either24.java",
  "type": "Control Flow Graph (CFG)",
  "file": "Array2Either24.java",
  "package": "",

  "nodes": [
    {
      "id": 0,
      "line": 5,
      "label": "boolean either24(int[] nums)"
    },
    {
      "id": 1,
      "line": 6,
      "label": "boolean has22 = false"
    },
    {
      "id": 2,
      "line": 7,
      "label": "boolean has44 = false"
    },
    {
      "id": 3,
      "line": 9,
      "label": "int i = 0"
    },
    {
      "id": 4,
      "line": 9,
      "label": "for (i < nums.length - 1)"
    },
    {
      "id": 5,
      "line": 9,
      "label": "i++"
    },
    {
      "id": 6,
      "line": 0,
      "label": "endfor"
    },
    {
      "id": 7,
      "line": 10,
      "label": "if (nums[i] == 2 && nums[i+1] == 2)"
    },
    {
      "id": 8,
      "line": 11,
      "label": "has22 = true"
    },
    {
      "id": 9,
      "line": 0,
      "label": "endif"
    },
    {
      "id": 10,
      "line": 13,
      "label": "if (nums[i] == 4 && nums[i+1] == 4)"
    },
    {
      "id": 11,
      "line": 14,
      "label": "has44 = true"
    },
    {
      "id": 12,
      "line": 0,
      "label": "endif"
    },
    {
      "id": 13,
      "line": 17,
      "label": "return has22 != has44;"
    }
  ],

  "edges": [
    {
      "id": 0,
      "source": 0,
      "target": 1,
      "label": ""
    },
    {
      "id": 1,
      "source": 1,
      "target": 2,
      "label": ""
    },
    {
      "id": 2,
      "source": 2,
      "target": 3,
      "label": ""
    },
    {
      "id": 3,
      "source": 3,
      "target": 4,
      "label": ""
    },
    {
      "id": 4,
      "source": 4,
      "target": 6,
      "label": "False"
    },
    {
      "id": 5,
      "source": 4,
      "target": 7,
      "label": "True"
    },
    {
      "id": 6,
      "source": 7,
      "target": 8,
      "label": "True"
    },
    {
      "id": 7,
      "source": 8,
      "target": 9,
      "label": ""
    },
    {
      "id": 8,
      "source": 7,
      "target": 9,
      "label": "False"
    },
    {
      "id": 9,
      "source": 9,
      "target": 10,
      "label": ""
    },
    {
      "id": 10,
      "source": 10,
      "target": 11,
      "label": "True"
    },
    {
      "id": 11,
      "source": 11,
      "target": 12,
      "label": ""
    },
    {
      "id": 12,
      "source": 10,
      "target": 12,
      "label": "False"
    },
    {
      "id": 13,
      "source": 12,
      "target": 5,
      "label": ""
    },
    {
      "id": 14,
      "source": 5,
      "target": 4,
      "label": ""
    },
    {
      "id": 15,
      "source": 6,
      "target": 13,
      "label": ""
    }
  ]
}
