{
  "directed": true,
  "multigraph": true,
  "label": "CFG of Array2Matchup.java",
  "type": "Control Flow Graph (CFG)",
  "file": "Array2Matchup.java",
  "package": "",

  "nodes": [
    {
      "id": 0,
      "line": 7,
      "label": "int matchUp(int[] nums1, int[] nums2)"
    },
    {
      "id": 1,
      "line": 8,
      "label": "int count = 0"
    },
    {
      "id": 2,
      "line": 10,
      "label": "int i = 0"
    },
    {
      "id": 3,
      "line": 10,
      "label": "for (i < nums1.length)"
    },
    {
      "id": 4,
      "line": 10,
      "label": "i++"
    },
    {
      "id": 5,
      "line": 0,
      "label": "endfor"
    },
    {
      "id": 6,
      "line": 11,
      "label": "if (Math.abs(nums1[i] - nums2[i]) <= 2 && nums1[i] != nums2[i])"
    },
    {
      "id": 7,
      "line": 12,
      "label": "count++"
    },
    {
      "id": 8,
      "line": 0,
      "label": "endif"
    },
    {
      "id": 9,
      "line": 15,
      "label": "return count;"
    }
  ],

  "edges": [
    {
      "id": 0,
      "source": 0,
      "target": 1,
      "label": ""
    },
    {
      "id": 1,
      "source": 1,
      "target": 2,
      "label": ""
    },
    {
      "id": 2,
      "source": 2,
      "target": 3,
      "label": ""
    },
    {
      "id": 3,
      "source": 3,
      "target": 5,
      "label": "False"
    },
    {
      "id": 4,
      "source": 3,
      "target": 6,
      "label": "True"
    },
    {
      "id": 5,
      "source": 6,
      "target": 7,
      "label": "True"
    },
    {
      "id": 6,
      "source": 7,
      "target": 8,
      "label": ""
    },
    {
      "id": 7,
      "source": 6,
      "target": 8,
      "label": "False"
    },
    {
      "id": 8,
      "source": 8,
      "target": 4,
      "label": ""
    },
    {
      "id": 9,
      "source": 4,
      "target": 3,
      "label": ""
    },
    {
      "id": 10,
      "source": 5,
      "target": 9,
      "label": ""
    }
  ]
}
