{
  "directed": true,
  "multigraph": true,
  "label": "CFG of Array2Tenrun.java",
  "type": "Control Flow Graph (CFG)",
  "file": "Array2Tenrun.java",
  "package": "",

  "nodes": [
    {
      "id": 0,
      "line": 6,
      "label": "int[] tenRun(int[] nums)"
    },
    {
      "id": 1,
      "line": 7,
      "label": "int current"
    },
    {
      "id": 2,
      "line": 8,
      "label": "int i = 0"
    },
    {
      "id": 3,
      "line": 10,
      "label": "while (i < nums.length && nums[i] % 10 != 0)"
    },
    {
      "id": 4,
      "line": 0,
      "label": "endwhile"
    },
    {
      "id": 5,
      "line": 11,
      "label": "i++"
    },
    {
      "id": 6,
      "line": 13,
      "label": "if (i >= nums.length)"
    },
    {
      "id": 7,
      "line": 14,
      "label": "return nums;"
    },
    {
      "id": 8,
      "line": 0,
      "label": "endif"
    },
    {
      "id": 9,
      "line": 16,
      "label": "current = nums[i]"
    },
    {
      "id": 10,
      "line": 17,
      "label": "i++"
    },
    {
      "id": 11,
      "line": 19,
      "label": "while (i < nums.length)"
    },
    {
      "id": 12,
      "line": 0,
      "label": "endwhile"
    },
    {
      "id": 13,
      "line": 20,
      "label": "if (nums[i] % 10 == 0)"
    },
    {
      "id": 14,
      "line": 21,
      "label": "current = nums[i]"
    },
    {
      "id": 15,
      "line": 0,
      "label": "endif"
    },
    {
      "id": 16,
      "line": 23,
      "label": "nums[i] = current"
    },
    {
      "id": 17,
      "line": 24,
      "label": "i++"
    },
    {
      "id": 18,
      "line": 27,
      "label": "return nums;"
    }
  ],

  "edges": [
    {
      "id": 0,
      "source": 0,
      "target": 1,
      "label": ""
    },
    {
      "id": 1,
      "source": 1,
      "target": 2,
      "label": ""
    },
    {
      "id": 2,
      "source": 2,
      "target": 3,
      "label": ""
    },
    {
      "id": 3,
      "source": 3,
      "target": 4,
      "label": "False"
    },
    {
      "id": 4,
      "source": 3,
      "target": 5,
      "label": "True"
    },
    {
      "id": 5,
      "source": 5,
      "target": 3,
      "label": ""
    },
    {
      "id": 6,
      "source": 4,
      "target": 6,
      "label": ""
    },
    {
      "id": 7,
      "source": 6,
      "target": 7,
      "label": "True"
    },
    {
      "id": 8,
      "source": 6,
      "target": 8,
      "label": "False"
    },
    {
      "id": 9,
      "source": 8,
      "target": 9,
      "label": ""
    },
    {
      "id": 10,
      "source": 9,
      "target": 10,
      "label": ""
    },
    {
      "id": 11,
      "source": 10,
      "target": 11,
      "label": ""
    },
    {
      "id": 12,
      "source": 11,
      "target": 12,
      "label": "False"
    },
    {
      "id": 13,
      "source": 11,
      "target": 13,
      "label": "True"
    },
    {
      "id": 14,
      "source": 13,
      "target": 14,
      "label": "True"
    },
    {
      "id": 15,
      "source": 14,
      "target": 15,
      "label": ""
    },
    {
      "id": 16,
      "source": 13,
      "target": 16,
      "label": "False"
    },
    {
      "id": 17,
      "source": 16,
      "target": 15,
      "label": ""
    },
    {
      "id": 18,
      "source": 15,
      "target": 17,
      "label": ""
    },
    {
      "id": 19,
      "source": 17,
      "target": 11,
      "label": ""
    },
    {
      "id": 20,
      "source": 12,
      "target": 18,
      "label": ""
    }
  ]
}
