{
  "directed": true,
  "multigraph": true,
  "label": "CFG of Array1Midthree.java",
  "type": "Control Flow Graph (CFG)",
  "file": "Array1Midthree.java",
  "package": "",

  "nodes": [
    {
      "id": 0,
      "line": 6,
      "label": "int[] midThree(int[] nums)"
    },
    {
      "id": 1,
      "line": 7,
      "label": "int[] arr = new int[3]"
    },
    {
      "id": 2,
      "line": 8,
      "label": "arr[0] = nums[nums.length / 2 - 1]"
    },
    {
      "id": 3,
      "line": 9,
      "label": "arr[1] = nums[nums.length / 2]"
    },
    {
      "id": 4,
      "line": 10,
      "label": "arr[2] = nums[nums.length / 2 + 1]"
    },
    {
      "id": 5,
      "line": 11,
      "label": "return arr;"
    }
  ],

  "edges": [
    {
      "id": 0,
      "source": 0,
      "target": 1,
      "label": ""
    },
    {
      "id": 1,
      "source": 1,
      "target": 2,
      "label": ""
    },
    {
      "id": 2,
      "source": 2,
      "target": 3,
      "label": ""
    },
    {
      "id": 3,
      "source": 3,
      "target": 4,
      "label": ""
    },
    {
      "id": 4,
      "source": 4,
      "target": 5,
      "label": ""
    }
  ]
}
