{
  "directed": true,
  "multigraph": true,
  "label": "CFG of Array1Samefirstlast.java",
  "type": "Control Flow Graph (CFG)",
  "file": "Array1Samefirstlast.java",
  "package": "",

  "nodes": [
    {
      "id": 0,
      "line": 5,
      "label": "boolean sameFirstLast(int[] nums)"
    },
    {
      "id": 1,
      "line": 6,
      "label": "return nums.length > 0 && nums[0] == nums[nums.length - 1];"
    }
  ],

  "edges": [
    {
      "id": 0,
      "source": 0,
      "target": 1,
      "label": ""
    }
  ]
}
