{
  "directed": true,
  "multigraph": true,
  "label": "CFG of Array3Canbalance.java",
  "type": "Control Flow Graph (CFG)",
  "file": "Array3Canbalance.java",
  "package": "",

  "nodes": [
    {
      "id": 0,
      "line": 6,
      "label": "boolean canBalance(int[] nums)"
    },
    {
      "id": 1,
      "line": 7,
      "label": "int first = 0"
    },
    {
      "id": 2,
      "line": 8,
      "label": "int second = 0"
    },
    {
      "id": 3,
      "line": 10,
      "label": "int i = 0"
    },
    {
      "id": 4,
      "line": 10,
      "label": "for (i < nums.length)"
    },
    {
      "id": 5,
      "line": 10,
      "label": "i++"
    },
    {
      "id": 6,
      "line": 0,
      "label": "endfor"
    },
    {
      "id": 7,
      "line": 11,
      "label": "second += nums[i]"
    },
    {
      "id": 8,
      "line": 13,
      "label": "int i = 0"
    },
    {
      "id": 9,
      "line": 13,
      "label": "for (i <= nums.length - 2)"
    },
    {
      "id": 10,
      "line": 13,
      "label": "i++"
    },
    {
      "id": 11,
      "line": 0,
      "label": "endfor"
    },
    {
      "id": 12,
      "line": 14,
      "label": "first += nums[i]"
    },
    {
      "id": 13,
      "line": 15,
      "label": "second -= nums[i]"
    },
    {
      "id": 14,
      "line": 17,
      "label": "if (first == second)"
    },
    {
      "id": 15,
      "line": 18,
      "label": "return true;"
    },
    {
      "id": 16,
      "line": 0,
      "label": "endif"
    },
    {
      "id": 17,
      "line": 21,
      "label": "return false;"
    }
  ],

  "edges": [
    {
      "id": 0,
      "source": 0,
      "target": 1,
      "label": ""
    },
    {
      "id": 1,
      "source": 1,
      "target": 2,
      "label": ""
    },
    {
      "id": 2,
      "source": 2,
      "target": 3,
      "label": ""
    },
    {
      "id": 3,
      "source": 3,
      "target": 4,
      "label": ""
    },
    {
      "id": 4,
      "source": 4,
      "target": 6,
      "label": "False"
    },
    {
      "id": 5,
      "source": 4,
      "target": 7,
      "label": "True"
    },
    {
      "id": 6,
      "source": 7,
      "target": 5,
      "label": ""
    },
    {
      "id": 7,
      "source": 5,
      "target": 4,
      "label": ""
    },
    {
      "id": 8,
      "source": 6,
      "target": 8,
      "label": ""
    },
    {
      "id": 9,
      "source": 8,
      "target": 9,
      "label": ""
    },
    {
      "id": 10,
      "source": 9,
      "target": 11,
      "label": "False"
    },
    {
      "id": 11,
      "source": 9,
      "target": 12,
      "label": "True"
    },
    {
      "id": 12,
      "source": 12,
      "target": 13,
      "label": ""
    },
    {
      "id": 13,
      "source": 13,
      "target": 14,
      "label": ""
    },
    {
      "id": 14,
      "source": 14,
      "target": 15,
      "label": "True"
    },
    {
      "id": 15,
      "source": 14,
      "target": 16,
      "label": "False"
    },
    {
      "id": 16,
      "source": 16,
      "target": 10,
      "label": ""
    },
    {
      "id": 17,
      "source": 10,
      "target": 9,
      "label": ""
    },
    {
      "id": 18,
      "source": 11,
      "target": 17,
      "label": ""
    }
  ]
}
