{
  "directed": true,
  "multigraph": true,
  "label": "CFG of Array2Havethree.java",
  "type": "Control Flow Graph (CFG)",
  "file": "Array2Havethree.java",
  "package": "",

  "nodes": [
    {
      "id": 0,
      "line": 5,
      "label": "boolean haveThree(int[] nums)"
    },
    {
      "id": 1,
      "line": 6,
      "label": "int count = 0"
    },
    {
      "id": 2,
      "line": 8,
      "label": "if (nums.length >= 1 && nums[0] == 3)"
    },
    {
      "id": 3,
      "line": 9,
      "label": "count++"
    },
    {
      "id": 4,
      "line": 0,
      "label": "endif"
    },
    {
      "id": 5,
      "line": 11,
      "label": "int i = 1"
    },
    {
      "id": 6,
      "line": 11,
      "label": "for (i < nums.length)"
    },
    {
      "id": 7,
      "line": 11,
      "label": "i++"
    },
    {
      "id": 8,
      "line": 0,
      "label": "endfor"
    },
    {
      "id": 9,
      "line": 12,
      "label": "if (nums[i - 1] == 3 && nums[i] == 3)"
    },
    {
      "id": 10,
      "line": 13,
      "label": "return false;"
    },
    {
      "id": 11,
      "line": 0,
      "label": "endif"
    },
    {
      "id": 12,
      "line": 15,
      "label": "if (nums[i] == 3)"
    },
    {
      "id": 13,
      "line": 16,
      "label": "count++"
    },
    {
      "id": 14,
      "line": 0,
      "label": "endif"
    },
    {
      "id": 15,
      "line": 19,
      "label": "return count == 3;"
    }
  ],

  "edges": [
    {
      "id": 0,
      "source": 0,
      "target": 1,
      "label": ""
    },
    {
      "id": 1,
      "source": 1,
      "target": 2,
      "label": ""
    },
    {
      "id": 2,
      "source": 2,
      "target": 3,
      "label": "True"
    },
    {
      "id": 3,
      "source": 3,
      "target": 4,
      "label": ""
    },
    {
      "id": 4,
      "source": 2,
      "target": 4,
      "label": "False"
    },
    {
      "id": 5,
      "source": 4,
      "target": 5,
      "label": ""
    },
    {
      "id": 6,
      "source": 5,
      "target": 6,
      "label": ""
    },
    {
      "id": 7,
      "source": 6,
      "target": 8,
      "label": "False"
    },
    {
      "id": 8,
      "source": 6,
      "target": 9,
      "label": "True"
    },
    {
      "id": 9,
      "source": 9,
      "target": 10,
      "label": "True"
    },
    {
      "id": 10,
      "source": 9,
      "target": 11,
      "label": "False"
    },
    {
      "id": 11,
      "source": 11,
      "target": 12,
      "label": ""
    },
    {
      "id": 12,
      "source": 12,
      "target": 13,
      "label": "True"
    },
    {
      "id": 13,
      "source": 13,
      "target": 14,
      "label": ""
    },
    {
      "id": 14,
      "source": 12,
      "target": 14,
      "label": "False"
    },
    {
      "id": 15,
      "source": 14,
      "target": 7,
      "label": ""
    },
    {
      "id": 16,
      "source": 7,
      "target": 6,
      "label": ""
    },
    {
      "id": 17,
      "source": 8,
      "target": 15,
      "label": ""
    }
  ]
}
