{
  "directed": true,
  "multigraph": true,
  "label": "CFG of Array3Seriesup.java",
  "type": "Control Flow Graph (CFG)",
  "file": "Array3Seriesup.java",
  "package": "",

  "nodes": [
    {
      "id": 0,
      "line": 6,
      "label": "int[] seriesUp(int n)"
    },
    {
      "id": 1,
      "line": 7,
      "label": "int[] arr = new int[n*(n+1)/2]"
    },
    {
      "id": 2,
      "line": 9,
      "label": "int index = 0"
    },
    {
      "id": 3,
      "line": 11,
      "label": "int i = 1"
    },
    {
      "id": 4,
      "line": 11,
      "label": "for (i <= n)"
    },
    {
      "id": 5,
      "line": 11,
      "label": "i++"
    },
    {
      "id": 6,
      "line": 0,
      "label": "endfor"
    },
    {
      "id": 7,
      "line": 12,
      "label": "int j = 0"
    },
    {
      "id": 8,
      "line": 12,
      "label": "for (j < i)"
    },
    {
      "id": 9,
      "line": 12,
      "label": "j++"
    },
    {
      "id": 10,
      "line": 0,
      "label": "endfor"
    },
    {
      "id": 11,
      "line": 13,
      "label": "arr[index + j] = j + 1"
    },
    {
      "id": 12,
      "line": 15,
      "label": "index += i"
    },
    {
      "id": 13,
      "line": 18,
      "label": "return arr;"
    }
  ],

  "edges": [
    {
      "id": 0,
      "source": 0,
      "target": 1,
      "label": ""
    },
    {
      "id": 1,
      "source": 1,
      "target": 2,
      "label": ""
    },
    {
      "id": 2,
      "source": 2,
      "target": 3,
      "label": ""
    },
    {
      "id": 3,
      "source": 3,
      "target": 4,
      "label": ""
    },
    {
      "id": 4,
      "source": 4,
      "target": 6,
      "label": "False"
    },
    {
      "id": 5,
      "source": 4,
      "target": 7,
      "label": "True"
    },
    {
      "id": 6,
      "source": 7,
      "target": 8,
      "label": ""
    },
    {
      "id": 7,
      "source": 8,
      "target": 10,
      "label": "False"
    },
    {
      "id": 8,
      "source": 8,
      "target": 11,
      "label": "True"
    },
    {
      "id": 9,
      "source": 11,
      "target": 9,
      "label": ""
    },
    {
      "id": 10,
      "source": 9,
      "target": 8,
      "label": ""
    },
    {
      "id": 11,
      "source": 10,
      "target": 12,
      "label": ""
    },
    {
      "id": 12,
      "source": 12,
      "target": 5,
      "label": ""
    },
    {
      "id": 13,
      "source": 5,
      "target": 4,
      "label": ""
    },
    {
      "id": 14,
      "source": 6,
      "target": 13,
      "label": ""
    }
  ]
}
