{
  "directed": true,
  "multigraph": true,
  "label": "CFG of Array1Makepi.java",
  "type": "Control Flow Graph (CFG)",
  "file": "Array1Makepi.java",
  "package": "",

  "nodes": [
    {
      "id": 0,
      "line": 4,
      "label": "int[] makePi()"
    },
    {
      "id": 1,
      "line": 5,
      "label": "int[] nums = {3, 1, 4}"
    },
    {
      "id": 2,
      "line": 6,
      "label": "return nums;"
    }
  ],

  "edges": [
    {
      "id": 0,
      "source": 0,
      "target": 1,
      "label": ""
    },
    {
      "id": 1,
      "source": 1,
      "target": 2,
      "label": ""
    }
  ]
}
