{
  "directed": true,
  "multigraph": true,
  "label": "CFG of Array2Bigdiff.java",
  "type": "Control Flow Graph (CFG)",
  "file": "Array2Bigdiff.java",
  "package": "",

  "nodes": [
    {
      "id": 0,
      "line": 5,
      "label": "int bigDiff(int[] nums)"
    },
    {
      "id": 1,
      "line": 6,
      "label": "int min = nums[0]"
    },
    {
      "id": 2,
      "line": 7,
      "label": "int max = nums[0]"
    },
    {
      "id": 3,
      "line": 9,
      "label": "int i = 1"
    },
    {
      "id": 4,
      "line": 9,
      "label": "for (i < nums.length)"
    },
    {
      "id": 5,
      "line": 9,
      "label": "i++"
    },
    {
      "id": 6,
      "line": 0,
      "label": "endfor"
    },
    {
      "id": 7,
      "line": 10,
      "label": "min = Math.min(min, nums[i])"
    },
    {
      "id": 8,
      "line": 11,
      "label": "max = Math.max(max, nums[i])"
    },
    {
      "id": 9,
      "line": 14,
      "label": "return max - min;"
    }
  ],

  "edges": [
    {
      "id": 0,
      "source": 0,
      "target": 1,
      "label": ""
    },
    {
      "id": 1,
      "source": 1,
      "target": 2,
      "label": ""
    },
    {
      "id": 2,
      "source": 2,
      "target": 3,
      "label": ""
    },
    {
      "id": 3,
      "source": 3,
      "target": 4,
      "label": ""
    },
    {
      "id": 4,
      "source": 4,
      "target": 6,
      "label": "False"
    },
    {
      "id": 5,
      "source": 4,
      "target": 7,
      "label": "True"
    },
    {
      "id": 6,
      "source": 7,
      "target": 8,
      "label": ""
    },
    {
      "id": 7,
      "source": 8,
      "target": 5,
      "label": ""
    },
    {
      "id": 8,
      "source": 5,
      "target": 4,
      "label": ""
    },
    {
      "id": 9,
      "source": 6,
      "target": 9,
      "label": ""
    }
  ]
}
