{
  "directed": true,
  "multigraph": true,
  "label": "CFG of Array2Modthree.java",
  "type": "Control Flow Graph (CFG)",
  "file": "Array2Modthree.java",
  "package": "",

  "nodes": [
    {
      "id": 0,
      "line": 5,
      "label": "boolean modThree(int[] nums)"
    },
    {
      "id": 1,
      "line": 6,
      "label": "if (nums.length < 3)"
    },
    {
      "id": 2,
      "line": 7,
      "label": "return false;"
    },
    {
      "id": 3,
      "line": 0,
      "label": "endif"
    },
    {
      "id": 4,
      "line": 9,
      "label": "int i = 0"
    },
    {
      "id": 5,
      "line": 9,
      "label": "for (i <= nums.length - 3)"
    },
    {
      "id": 6,
      "line": 9,
      "label": "i++"
    },
    {
      "id": 7,
      "line": 0,
      "label": "endfor"
    },
    {
      "id": 8,
      "line": 10,
      "label": "if (nums[i] % 2 == nums[i+1] % 2 && nums[i] % 2 == nums[i+2] % 2)"
    },
    {
      "id": 9,
      "line": 11,
      "label": "return true;"
    },
    {
      "id": 10,
      "line": 0,
      "label": "endif"
    },
    {
      "id": 11,
      "line": 14,
      "label": "return false;"
    }
  ],

  "edges": [
    {
      "id": 0,
      "source": 0,
      "target": 1,
      "label": ""
    },
    {
      "id": 1,
      "source": 1,
      "target": 2,
      "label": "True"
    },
    {
      "id": 2,
      "source": 1,
      "target": 3,
      "label": "False"
    },
    {
      "id": 3,
      "source": 3,
      "target": 4,
      "label": ""
    },
    {
      "id": 4,
      "source": 4,
      "target": 5,
      "label": ""
    },
    {
      "id": 5,
      "source": 5,
      "target": 7,
      "label": "False"
    },
    {
      "id": 6,
      "source": 5,
      "target": 8,
      "label": "True"
    },
    {
      "id": 7,
      "source": 8,
      "target": 9,
      "label": "True"
    },
    {
      "id": 8,
      "source": 8,
      "target": 10,
      "label": "False"
    },
    {
      "id": 9,
      "source": 10,
      "target": 6,
      "label": ""
    },
    {
      "id": 10,
      "source": 6,
      "target": 5,
      "label": ""
    },
    {
      "id": 11,
      "source": 7,
      "target": 11,
      "label": ""
    }
  ]
}
