{
  "directed": true,
  "multigraph": true,
  "label": "CFG of Array2Twotwo.java",
  "type": "Control Flow Graph (CFG)",
  "file": "Array2Twotwo.java",
  "package": "",

  "nodes": [
    {
      "id": 0,
      "line": 5,
      "label": "boolean twoTwo(int[] nums)"
    },
    {
      "id": 1,
      "line": 6,
      "label": "if (nums.length == 1 && nums[0] == 2)"
    },
    {
      "id": 2,
      "line": 7,
      "label": "return false;"
    },
    {
      "id": 3,
      "line": 0,
      "label": "endif"
    },
    {
      "id": 4,
      "line": 9,
      "label": "if (nums.length >= 2 && ((nums[0] == 2 && nums[1] != 2) ||
        (nums[nums.length-1] == 2 && nums[nums.length-2] != 2)))"
    },
    {
      "id": 5,
      "line": 11,
      "label": "return false;"
    },
    {
      "id": 6,
      "line": 0,
      "label": "endif"
    },
    {
      "id": 7,
      "line": 13,
      "label": "int i = 1"
    },
    {
      "id": 8,
      "line": 13,
      "label": "for (i <= nums.length - 2)"
    },
    {
      "id": 9,
      "line": 13,
      "label": "i++"
    },
    {
      "id": 10,
      "line": 0,
      "label": "endfor"
    },
    {
      "id": 11,
      "line": 14,
      "label": "if (nums[i] == 2 && nums[i-1] != 2 && nums[i+1] != 2)"
    },
    {
      "id": 12,
      "line": 15,
      "label": "return false;"
    },
    {
      "id": 13,
      "line": 0,
      "label": "endif"
    },
    {
      "id": 14,
      "line": 18,
      "label": "return true;"
    }
  ],

  "edges": [
    {
      "id": 0,
      "source": 0,
      "target": 1,
      "label": ""
    },
    {
      "id": 1,
      "source": 1,
      "target": 2,
      "label": "True"
    },
    {
      "id": 2,
      "source": 1,
      "target": 3,
      "label": "False"
    },
    {
      "id": 3,
      "source": 3,
      "target": 4,
      "label": ""
    },
    {
      "id": 4,
      "source": 4,
      "target": 5,
      "label": "True"
    },
    {
      "id": 5,
      "source": 4,
      "target": 6,
      "label": "False"
    },
    {
      "id": 6,
      "source": 6,
      "target": 7,
      "label": ""
    },
    {
      "id": 7,
      "source": 7,
      "target": 8,
      "label": ""
    },
    {
      "id": 8,
      "source": 8,
      "target": 10,
      "label": "False"
    },
    {
      "id": 9,
      "source": 8,
      "target": 11,
      "label": "True"
    },
    {
      "id": 10,
      "source": 11,
      "target": 12,
      "label": "True"
    },
    {
      "id": 11,
      "source": 11,
      "target": 13,
      "label": "False"
    },
    {
      "id": 12,
      "source": 13,
      "target": 9,
      "label": ""
    },
    {
      "id": 13,
      "source": 9,
      "target": 8,
      "label": ""
    },
    {
      "id": 14,
      "source": 10,
      "target": 14,
      "label": ""
    }
  ]
}
