{
  "directed": true,
  "multigraph": true,
  "label": "CFG of Array1Maxtriple.java",
  "type": "Control Flow Graph (CFG)",
  "file": "Array1Maxtriple.java",
  "package": "",

  "nodes": [
    {
      "id": 0,
      "line": 6,
      "label": "int maxTriple(int[] nums)"
    },
    {
      "id": 1,
      "line": 7,
      "label": "int max = nums[0]"
    },
    {
      "id": 2,
      "line": 9,
      "label": "if (max < nums[nums.length / 2])"
    },
    {
      "id": 3,
      "line": 10,
      "label": "max = nums[nums.length / 2]"
    },
    {
      "id": 4,
      "line": 0,
      "label": "endif"
    },
    {
      "id": 5,
      "line": 12,
      "label": "if (max < nums[nums.length - 1])"
    },
    {
      "id": 6,
      "line": 13,
      "label": "max = nums[nums.length - 1]"
    },
    {
      "id": 7,
      "line": 0,
      "label": "endif"
    },
    {
      "id": 8,
      "line": 15,
      "label": "return max;"
    }
  ],

  "edges": [
    {
      "id": 0,
      "source": 0,
      "target": 1,
      "label": ""
    },
    {
      "id": 1,
      "source": 1,
      "target": 2,
      "label": ""
    },
    {
      "id": 2,
      "source": 2,
      "target": 3,
      "label": "True"
    },
    {
      "id": 3,
      "source": 3,
      "target": 4,
      "label": ""
    },
    {
      "id": 4,
      "source": 2,
      "target": 4,
      "label": "False"
    },
    {
      "id": 5,
      "source": 4,
      "target": 5,
      "label": ""
    },
    {
      "id": 6,
      "source": 5,
      "target": 6,
      "label": "True"
    },
    {
      "id": 7,
      "source": 6,
      "target": 7,
      "label": ""
    },
    {
      "id": 8,
      "source": 5,
      "target": 7,
      "label": "False"
    },
    {
      "id": 9,
      "source": 7,
      "target": 8,
      "label": ""
    }
  ]
}
