{
  "directed": true,
  "multigraph": true,
  "label": "CFG of Array3Maxspan.java",
  "type": "Control Flow Graph (CFG)",
  "file": "Array3Maxspan.java",
  "package": "",

  "nodes": [
    {
      "id": 0,
      "line": 7,
      "label": "int maxSpan(int[] nums)"
    },
    {
      "id": 1,
      "line": 8,
      "label": "int max = 0"
    },
    {
      "id": 2,
      "line": 10,
      "label": "int i = 0"
    },
    {
      "id": 3,
      "line": 10,
      "label": "for (i < nums.length)"
    },
    {
      "id": 4,
      "line": 10,
      "label": "i++"
    },
    {
      "id": 5,
      "line": 0,
      "label": "endfor"
    },
    {
      "id": 6,
      "line": 11,
      "label": "int j = nums.length - 1"
    },
    {
      "id": 7,
      "line": 13,
      "label": "while (nums[i] != nums[j])"
    },
    {
      "id": 8,
      "line": 0,
      "label": "endwhile"
    },
    {
      "id": 9,
      "line": 14,
      "label": "j--"
    },
    {
      "id": 10,
      "line": 16,
      "label": "int span = j - i + 1"
    },
    {
      "id": 11,
      "line": 18,
      "label": "if (span > max)"
    },
    {
      "id": 12,
      "line": 19,
      "label": "max = span"
    },
    {
      "id": 13,
      "line": 0,
      "label": "endif"
    },
    {
      "id": 14,
      "line": 22,
      "label": "return max;"
    }
  ],

  "edges": [
    {
      "id": 0,
      "source": 0,
      "target": 1,
      "label": ""
    },
    {
      "id": 1,
      "source": 1,
      "target": 2,
      "label": ""
    },
    {
      "id": 2,
      "source": 2,
      "target": 3,
      "label": ""
    },
    {
      "id": 3,
      "source": 3,
      "target": 5,
      "label": "False"
    },
    {
      "id": 4,
      "source": 3,
      "target": 6,
      "label": "True"
    },
    {
      "id": 5,
      "source": 6,
      "target": 7,
      "label": ""
    },
    {
      "id": 6,
      "source": 7,
      "target": 8,
      "label": "False"
    },
    {
      "id": 7,
      "source": 7,
      "target": 9,
      "label": "True"
    },
    {
      "id": 8,
      "source": 9,
      "target": 7,
      "label": ""
    },
    {
      "id": 9,
      "source": 8,
      "target": 10,
      "label": ""
    },
    {
      "id": 10,
      "source": 10,
      "target": 11,
      "label": ""
    },
    {
      "id": 11,
      "source": 11,
      "target": 12,
      "label": "True"
    },
    {
      "id": 12,
      "source": 12,
      "target": 13,
      "label": ""
    },
    {
      "id": 13,
      "source": 11,
      "target": 13,
      "label": "False"
    },
    {
      "id": 14,
      "source": 13,
      "target": 4,
      "label": ""
    },
    {
      "id": 15,
      "source": 4,
      "target": 3,
      "label": ""
    },
    {
      "id": 16,
      "source": 5,
      "target": 14,
      "label": ""
    }
  ]
}
