{
  "directed": true,
  "multigraph": true,
  "label": "CFG of Array1Start1.java",
  "type": "Control Flow Graph (CFG)",
  "file": "Array1Start1.java",
  "package": "",

  "nodes": [
    {
      "id": 0,
      "line": 5,
      "label": "int start1(int[] a, int[] b)"
    },
    {
      "id": 1,
      "line": 6,
      "label": "int count = 0"
    },
    {
      "id": 2,
      "line": 8,
      "label": "if (a.length > 0 && a[0] == 1)"
    },
    {
      "id": 3,
      "line": 9,
      "label": "count++"
    },
    {
      "id": 4,
      "line": 0,
      "label": "endif"
    },
    {
      "id": 5,
      "line": 11,
      "label": "if (b.length > 0 && b[0] == 1)"
    },
    {
      "id": 6,
      "line": 12,
      "label": "count++"
    },
    {
      "id": 7,
      "line": 0,
      "label": "endif"
    },
    {
      "id": 8,
      "line": 14,
      "label": "return count;"
    }
  ],

  "edges": [
    {
      "id": 0,
      "source": 0,
      "target": 1,
      "label": ""
    },
    {
      "id": 1,
      "source": 1,
      "target": 2,
      "label": ""
    },
    {
      "id": 2,
      "source": 2,
      "target": 3,
      "label": "True"
    },
    {
      "id": 3,
      "source": 3,
      "target": 4,
      "label": ""
    },
    {
      "id": 4,
      "source": 2,
      "target": 4,
      "label": "False"
    },
    {
      "id": 5,
      "source": 4,
      "target": 5,
      "label": ""
    },
    {
      "id": 6,
      "source": 5,
      "target": 6,
      "label": "True"
    },
    {
      "id": 7,
      "source": 6,
      "target": 7,
      "label": ""
    },
    {
      "id": 8,
      "source": 5,
      "target": 7,
      "label": "False"
    },
    {
      "id": 9,
      "source": 7,
      "target": 8,
      "label": ""
    }
  ]
}
