{
  "directed": true,
  "multigraph": true,
  "label": "CFG of Array1Rotateleft3.java",
  "type": "Control Flow Graph (CFG)",
  "file": "Array1Rotateleft3.java",
  "package": "",

  "nodes": [
    {
      "id": 0,
      "line": 5,
      "label": "int[] rotateLeft3(int[] nums)"
    },
    {
      "id": 1,
      "line": 6,
      "label": "return new int[] {nums[1], nums[2], nums[0]};"
    }
  ],

  "edges": [
    {
      "id": 0,
      "source": 0,
      "target": 1,
      "label": ""
    }
  ]
}
