{
  "directed": true,
  "multigraph": true,
  "label": "CFG of Array1Unlucky1.java",
  "type": "Control Flow Graph (CFG)",
  "file": "Array1Unlucky1.java",
  "package": "",

  "nodes": [
    {
      "id": 0,
      "line": 6,
      "label": "boolean unlucky1(int[] nums)"
    },
    {
      "id": 1,
      "line": 7,
      "label": "if (nums.length >= 2 && 
        (nums[0] == 1 && nums[1] == 3 || nums[nums.length - 2] == 1 && 
        nums[nums.length - 1] == 3))"
    },
    {
      "id": 2,
      "line": 10,
      "label": "return true;"
    },
    {
      "id": 3,
      "line": 0,
      "label": "endif"
    },
    {
      "id": 4,
      "line": 12,
      "label": "if (nums.length >= 3 && nums[1] == 1 && nums[2] == 3)"
    },
    {
      "id": 5,
      "line": 13,
      "label": "return true;"
    },
    {
      "id": 6,
      "line": 0,
      "label": "endif"
    },
    {
      "id": 7,
      "line": 15,
      "label": "return false;"
    }
  ],

  "edges": [
    {
      "id": 0,
      "source": 0,
      "target": 1,
      "label": ""
    },
    {
      "id": 1,
      "source": 1,
      "target": 2,
      "label": "True"
    },
    {
      "id": 2,
      "source": 1,
      "target": 3,
      "label": "False"
    },
    {
      "id": 3,
      "source": 3,
      "target": 4,
      "label": ""
    },
    {
      "id": 4,
      "source": 4,
      "target": 5,
      "label": "True"
    },
    {
      "id": 5,
      "source": 4,
      "target": 6,
      "label": "False"
    },
    {
      "id": 6,
      "source": 6,
      "target": 7,
      "label": ""
    }
  ]
}
