{
  "directed": true,
  "multigraph": true,
  "label": "CFG of Logic2Blackjack.java",
  "type": "Control Flow Graph (CFG)",
  "file": "Logic2Blackjack.java",
  "package": "",

  "nodes": [
    {
      "id": 0,
      "line": 5,
      "label": "int blackjack(int a, int b)"
    },
    {
      "id": 1,
      "line": 6,
      "label": "if (a > 21 && b > 21)"
    },
    {
      "id": 2,
      "line": 7,
      "label": "return 0;"
    },
    {
      "id": 3,
      "line": 0,
      "label": "endif"
    },
    {
      "id": 4,
      "line": 9,
      "label": "if (a > 21)"
    },
    {
      "id": 5,
      "line": 10,
      "label": "return b;"
    },
    {
      "id": 6,
      "line": 0,
      "label": "endif"
    },
    {
      "id": 7,
      "line": 12,
      "label": "if (b > 21)"
    },
    {
      "id": 8,
      "line": 13,
      "label": "return a;"
    },
    {
      "id": 9,
      "line": 0,
      "label": "endif"
    },
    {
      "id": 10,
      "line": 15,
      "label": "return a > b ? a : b;"
    }
  ],

  "edges": [
    {
      "id": 0,
      "source": 0,
      "target": 1,
      "label": ""
    },
    {
      "id": 1,
      "source": 1,
      "target": 2,
      "label": "True"
    },
    {
      "id": 2,
      "source": 1,
      "target": 3,
      "label": "False"
    },
    {
      "id": 3,
      "source": 3,
      "target": 4,
      "label": ""
    },
    {
      "id": 4,
      "source": 4,
      "target": 5,
      "label": "True"
    },
    {
      "id": 5,
      "source": 4,
      "target": 6,
      "label": "False"
    },
    {
      "id": 6,
      "source": 6,
      "target": 7,
      "label": ""
    },
    {
      "id": 7,
      "source": 7,
      "target": 8,
      "label": "True"
    },
    {
      "id": 8,
      "source": 7,
      "target": 9,
      "label": "False"
    },
    {
      "id": 9,
      "source": 9,
      "target": 10,
      "label": ""
    }
  ]
}
