{
  "directed": true,
  "multigraph": true,
  "label": "CFG of Logic1Redticket.java",
  "type": "Control Flow Graph (CFG)",
  "file": "Logic1Redticket.java",
  "package": "",

  "nodes": [
    {
      "id": 0,
      "line": 7,
      "label": "int redTicket(int a, int b, int c)"
    },
    {
      "id": 1,
      "line": 8,
      "label": "if (a == 2 && b == 2 && c == 2)"
    },
    {
      "id": 2,
      "line": 9,
      "label": "return 10;"
    },
    {
      "id": 3,
      "line": 0,
      "label": "endif"
    },
    {
      "id": 4,
      "line": 11,
      "label": "if (a == b && b == c)"
    },
    {
      "id": 5,
      "line": 12,
      "label": "return 5;"
    },
    {
      "id": 6,
      "line": 0,
      "label": "endif"
    },
    {
      "id": 7,
      "line": 14,
      "label": "if (a != b && a != c)"
    },
    {
      "id": 8,
      "line": 15,
      "label": "return 1;"
    },
    {
      "id": 9,
      "line": 0,
      "label": "endif"
    },
    {
      "id": 10,
      "line": 17,
      "label": "return 0;"
    }
  ],

  "edges": [
    {
      "id": 0,
      "source": 0,
      "target": 1,
      "label": ""
    },
    {
      "id": 1,
      "source": 1,
      "target": 2,
      "label": "True"
    },
    {
      "id": 2,
      "source": 1,
      "target": 3,
      "label": "False"
    },
    {
      "id": 3,
      "source": 3,
      "target": 4,
      "label": ""
    },
    {
      "id": 4,
      "source": 4,
      "target": 5,
      "label": "True"
    },
    {
      "id": 5,
      "source": 4,
      "target": 6,
      "label": "False"
    },
    {
      "id": 6,
      "source": 6,
      "target": 7,
      "label": ""
    },
    {
      "id": 7,
      "source": 7,
      "target": 8,
      "label": "True"
    },
    {
      "id": 8,
      "source": 7,
      "target": 9,
      "label": "False"
    },
    {
      "id": 9,
      "source": 9,
      "target": 10,
      "label": ""
    }
  ]
}
