{
  "directed": true,
  "multigraph": true,
  "label": "CFG of Logic2Makechocolate.java",
  "type": "Control Flow Graph (CFG)",
  "file": "Logic2Makechocolate.java",
  "package": "",

  "nodes": [
    {
      "id": 0,
      "line": 7,
      "label": "int makeChocolate(int small, int big, int goal)"
    },
    {
      "id": 1,
      "line": 8,
      "label": "int remainder = goal >= 5 * big ? goal - (5 * big) : goal % 5"
    },
    {
      "id": 2,
      "line": 10,
      "label": "return remainder <= small ? remainder : -1;"
    }
  ],

  "edges": [
    {
      "id": 0,
      "source": 0,
      "target": 1,
      "label": ""
    },
    {
      "id": 1,
      "source": 1,
      "target": 2,
      "label": ""
    }
  ]
}
