{
  "directed": true,
  "multigraph": true,
  "label": "CFG of Logic1Maxmod5.java",
  "type": "Control Flow Graph (CFG)",
  "file": "Logic1Maxmod5.java",
  "package": "",

  "nodes": [
    {
      "id": 0,
      "line": 7,
      "label": "int maxMod5(int a, int b)"
    },
    {
      "id": 1,
      "line": 8,
      "label": "if (a == b)"
    },
    {
      "id": 2,
      "line": 9,
      "label": "return 0;"
    },
    {
      "id": 3,
      "line": 0,
      "label": "endif"
    },
    {
      "id": 4,
      "line": 11,
      "label": "if (a % 5 == b % 5)"
    },
    {
      "id": 5,
      "line": 12,
      "label": "return a < b ? a : b;"
    },
    {
      "id": 6,
      "line": 0,
      "label": "endif"
    },
    {
      "id": 7,
      "line": 14,
      "label": "return a > b ? a : b;"
    }
  ],

  "edges": [
    {
      "id": 0,
      "source": 0,
      "target": 1,
      "label": ""
    },
    {
      "id": 1,
      "source": 1,
      "target": 2,
      "label": "True"
    },
    {
      "id": 2,
      "source": 1,
      "target": 3,
      "label": "False"
    },
    {
      "id": 3,
      "source": 3,
      "target": 4,
      "label": ""
    },
    {
      "id": 4,
      "source": 4,
      "target": 5,
      "label": "True"
    },
    {
      "id": 5,
      "source": 4,
      "target": 6,
      "label": "False"
    },
    {
      "id": 6,
      "source": 6,
      "target": 7,
      "label": ""
    }
  ]
}
