{
  "directed": true,
  "multigraph": true,
  "label": "CFG of Logic1Withoutdoubles.java",
  "type": "Control Flow Graph (CFG)",
  "file": "Logic1Withoutdoubles.java",
  "package": "",

  "nodes": [
    {
      "id": 0,
      "line": 6,
      "label": "int withoutDoubles(int die1, int die2, boolean noDoubles)"
    },
    {
      "id": 1,
      "line": 7,
      "label": "if (noDoubles && die1 == die2)"
    },
    {
      "id": 2,
      "line": 8,
      "label": "die1++"
    },
    {
      "id": 3,
      "line": 9,
      "label": "if (die1 == 7)"
    },
    {
      "id": 4,
      "line": 10,
      "label": "die1 = 1"
    },
    {
      "id": 5,
      "line": 0,
      "label": "endif"
    },
    {
      "id": 6,
      "line": 0,
      "label": "endif"
    },
    {
      "id": 7,
      "line": 13,
      "label": "return die1 + die2;"
    }
  ],

  "edges": [
    {
      "id": 0,
      "source": 0,
      "target": 1,
      "label": ""
    },
    {
      "id": 1,
      "source": 1,
      "target": 2,
      "label": "True"
    },
    {
      "id": 2,
      "source": 2,
      "target": 3,
      "label": ""
    },
    {
      "id": 3,
      "source": 3,
      "target": 4,
      "label": "True"
    },
    {
      "id": 4,
      "source": 4,
      "target": 5,
      "label": ""
    },
    {
      "id": 5,
      "source": 3,
      "target": 5,
      "label": "False"
    },
    {
      "id": 6,
      "source": 5,
      "target": 6,
      "label": ""
    },
    {
      "id": 7,
      "source": 1,
      "target": 6,
      "label": "False"
    },
    {
      "id": 8,
      "source": 6,
      "target": 7,
      "label": ""
    }
  ]
}
