{
  "directed": true,
  "multigraph": true,
  "label": "CFG of Logic1Blueticket.java",
  "type": "Control Flow Graph (CFG)",
  "file": "Logic1Blueticket.java",
  "package": "",

  "nodes": [
    {
      "id": 0,
      "line": 8,
      "label": "int blueTicket(int a, int b, int c)"
    },
    {
      "id": 1,
      "line": 9,
      "label": "int ab = a + b"
    },
    {
      "id": 2,
      "line": 10,
      "label": "int bc = b + c"
    },
    {
      "id": 3,
      "line": 11,
      "label": "int ac = a + c"
    },
    {
      "id": 4,
      "line": 13,
      "label": "if (ab == 10 || bc == 10 || ac == 10)"
    },
    {
      "id": 5,
      "line": 14,
      "label": "return 10;"
    },
    {
      "id": 6,
      "line": 0,
      "label": "endif"
    },
    {
      "id": 7,
      "line": 16,
      "label": "if (ab == bc + 10 || ab == ac + 10)"
    },
    {
      "id": 8,
      "line": 17,
      "label": "return 5;"
    },
    {
      "id": 9,
      "line": 0,
      "label": "endif"
    },
    {
      "id": 10,
      "line": 19,
      "label": "return 0;"
    }
  ],

  "edges": [
    {
      "id": 0,
      "source": 0,
      "target": 1,
      "label": ""
    },
    {
      "id": 1,
      "source": 1,
      "target": 2,
      "label": ""
    },
    {
      "id": 2,
      "source": 2,
      "target": 3,
      "label": ""
    },
    {
      "id": 3,
      "source": 3,
      "target": 4,
      "label": ""
    },
    {
      "id": 4,
      "source": 4,
      "target": 5,
      "label": "True"
    },
    {
      "id": 5,
      "source": 4,
      "target": 6,
      "label": "False"
    },
    {
      "id": 6,
      "source": 6,
      "target": 7,
      "label": ""
    },
    {
      "id": 7,
      "source": 7,
      "target": 8,
      "label": "True"
    },
    {
      "id": 8,
      "source": 7,
      "target": 9,
      "label": "False"
    },
    {
      "id": 9,
      "source": 9,
      "target": 10,
      "label": ""
    }
  ]
}
