{
  "directed": true,
  "multigraph": true,
  "label": "CFG of Logic1Greenticket.java",
  "type": "Control Flow Graph (CFG)",
  "file": "Logic1Greenticket.java",
  "package": "",

  "nodes": [
    {
      "id": 0,
      "line": 7,
      "label": "int greenTicket(int a, int b, int c)"
    },
    {
      "id": 1,
      "line": 8,
      "label": "if (a == b && b == c)"
    },
    {
      "id": 2,
      "line": 9,
      "label": "return 20;"
    },
    {
      "id": 3,
      "line": 0,
      "label": "endif"
    },
    {
      "id": 4,
      "line": 11,
      "label": "if (a == b || a == c || b == c)"
    },
    {
      "id": 5,
      "line": 12,
      "label": "return 10;"
    },
    {
      "id": 6,
      "line": 0,
      "label": "endif"
    },
    {
      "id": 7,
      "line": 14,
      "label": "return 0;"
    }
  ],

  "edges": [
    {
      "id": 0,
      "source": 0,
      "target": 1,
      "label": ""
    },
    {
      "id": 1,
      "source": 1,
      "target": 2,
      "label": "True"
    },
    {
      "id": 2,
      "source": 1,
      "target": 3,
      "label": "False"
    },
    {
      "id": 3,
      "source": 3,
      "target": 4,
      "label": ""
    },
    {
      "id": 4,
      "source": 4,
      "target": 5,
      "label": "True"
    },
    {
      "id": 5,
      "source": 4,
      "target": 6,
      "label": "False"
    },
    {
      "id": 6,
      "source": 6,
      "target": 7,
      "label": ""
    }
  ]
}
