{
  "directed": true,
  "multigraph": true,
  "label": "CFG of Logic1Lastdigit.java",
  "type": "Control Flow Graph (CFG)",
  "file": "Logic1Lastdigit.java",
  "package": "",

  "nodes": [
    {
      "id": 0,
      "line": 5,
      "label": "boolean lastDigit(int a, int b, int c)"
    },
    {
      "id": 1,
      "line": 6,
      "label": "return (a % 10 == b % 10) || (a % 10 == c % 10) || (b % 10 == c % 10);"
    }
  ],

  "edges": [
    {
      "id": 0,
      "source": 0,
      "target": 1,
      "label": ""
    }
  ]
}
