{
  "directed": true,
  "multigraph": true,
  "label": "CFG of Logic2Noteensum.java",
  "type": "Control Flow Graph (CFG)",
  "file": "Logic2Noteensum.java",
  "package": "",

  "nodes": [
    {
      "id": 0,
      "line": 10,
      "label": "int noTeenSum(int a, int b, int c)"
    },
    {
      "id": 1,
      "line": 11,
      "label": "return fixTeen(a) + fixTeen(b) + fixTeen(c);"
    },
    {
      "id": 2,
      "line": 14,
      "label": "int fixTeen(int n)"
    },
    {
      "id": 3,
      "line": 15,
      "label": "if (13 <= n && n <= 19 && n != 15 && n != 16)"
    },
    {
      "id": 4,
      "line": 16,
      "label": "return 0;"
    },
    {
      "id": 5,
      "line": 0,
      "label": "endif"
    },
    {
      "id": 6,
      "line": 18,
      "label": "return n;"
    }
  ],

  "edges": [
    {
      "id": 0,
      "source": 0,
      "target": 1,
      "label": ""
    },
    {
      "id": 1,
      "source": 2,
      "target": 3,
      "label": ""
    },
    {
      "id": 2,
      "source": 3,
      "target": 4,
      "label": "True"
    },
    {
      "id": 3,
      "source": 3,
      "target": 5,
      "label": "False"
    },
    {
      "id": 4,
      "source": 5,
      "target": 6,
      "label": ""
    }
  ]
}
