{
  "directed": true,
  "multigraph": true,
  "label": "CFG of Logic1Twoasone.java",
  "type": "Control Flow Graph (CFG)",
  "file": "Logic1Twoasone.java",
  "package": "",

  "nodes": [
    {
      "id": 0,
      "line": 5,
      "label": "boolean twoAsOne(int a, int b, int c)"
    },
    {
      "id": 1,
      "line": 6,
      "label": "return a + b == c || a + c == b || b + c == a;"
    }
  ],

  "edges": [
    {
      "id": 0,
      "source": 0,
      "target": 1,
      "label": ""
    }
  ]
}
