{
  "directed": true,
  "multigraph": true,
  "label": "CFG of Logic1Sumlimit.java",
  "type": "Control Flow Graph (CFG)",
  "file": "Logic1Sumlimit.java",
  "package": "",

  "nodes": [
    {
      "id": 0,
      "line": 6,
      "label": "int sumLimit(int a, int b)"
    },
    {
      "id": 1,
      "line": 7,
      "label": "int sum = a + b"
    },
    {
      "id": 2,
      "line": 8,
      "label": "int aLength = String.valueOf(a).length()"
    },
    {
      "id": 3,
      "line": 9,
      "label": "int sumLength = String.valueOf(sum).length()"
    },
    {
      "id": 4,
      "line": 11,
      "label": "if (sumLength == aLength)"
    },
    {
      "id": 5,
      "line": 12,
      "label": "return sum;"
    },
    {
      "id": 6,
      "line": 0,
      "label": "endif"
    },
    {
      "id": 7,
      "line": 14,
      "label": "return a;"
    }
  ],

  "edges": [
    {
      "id": 0,
      "source": 0,
      "target": 1,
      "label": ""
    },
    {
      "id": 1,
      "source": 1,
      "target": 2,
      "label": ""
    },
    {
      "id": 2,
      "source": 2,
      "target": 3,
      "label": ""
    },
    {
      "id": 3,
      "source": 3,
      "target": 4,
      "label": ""
    },
    {
      "id": 4,
      "source": 4,
      "target": 5,
      "label": "True"
    },
    {
      "id": 5,
      "source": 4,
      "target": 6,
      "label": "False"
    },
    {
      "id": 6,
      "source": 6,
      "target": 7,
      "label": ""
    }
  ]
}
