{
  "directed": true,
  "multigraph": true,
  "label": "CFG of Logic1Inorderequal.java",
  "type": "Control Flow Graph (CFG)",
  "file": "Logic1Inorderequal.java",
  "package": "",

  "nodes": [
    {
      "id": 0,
      "line": 7,
      "label": "boolean inOrderEqual(int a, int b, int c, boolean equalOk)"
    },
    {
      "id": 1,
      "line": 8,
      "label": "if (equalOk)"
    },
    {
      "id": 2,
      "line": 9,
      "label": "return a <= b && b <= c;"
    },
    {
      "id": 3,
      "line": 0,
      "label": "endif"
    },
    {
      "id": 4,
      "line": 11,
      "label": "return a < b && b < c;"
    }
  ],

  "edges": [
    {
      "id": 0,
      "source": 0,
      "target": 1,
      "label": ""
    },
    {
      "id": 1,
      "source": 1,
      "target": 2,
      "label": "True"
    },
    {
      "id": 2,
      "source": 1,
      "target": 3,
      "label": "False"
    },
    {
      "id": 3,
      "source": 3,
      "target": 4,
      "label": ""
    }
  ]
}
