{
  "directed": true,
  "multigraph": true,
  "label": "CFG of Logic2Closefar.java",
  "type": "Control Flow Graph (CFG)",
  "file": "Logic2Closefar.java",
  "package": "",

  "nodes": [
    {
      "id": 0,
      "line": 7,
      "label": "boolean closeFar(int a, int b, int c)"
    },
    {
      "id": 1,
      "line": 8,
      "label": "return (isClose(a, b) && isFar(a, b, c)) ||
        (isClose(a, c) && isFar(a, c, b));"
    },
    {
      "id": 2,
      "line": 12,
      "label": "boolean isClose(int a, int b)"
    },
    {
      "id": 3,
      "line": 13,
      "label": "return Math.abs(a - b) <= 1;"
    },
    {
      "id": 4,
      "line": 16,
      "label": "boolean isFar(int a, int b, int c)"
    },
    {
      "id": 5,
      "line": 17,
      "label": "return Math.abs(a - c) >= 2 && Math.abs(b - c) >= 2;"
    }
  ],

  "edges": [
    {
      "id": 0,
      "source": 0,
      "target": 1,
      "label": ""
    },
    {
      "id": 1,
      "source": 2,
      "target": 3,
      "label": ""
    },
    {
      "id": 2,
      "source": 4,
      "target": 5,
      "label": ""
    }
  ]
}
