{
  "directed": true,
  "multigraph": true,
  "label": "CFG of Logic1Caughtspeeding.java",
  "type": "Control Flow Graph (CFG)",
  "file": "Logic1Caughtspeeding.java",
  "package": "",

  "nodes": [
    {
      "id": 0,
      "line": 9,
      "label": "int caughtSpeeding(int speed, boolean isBirthday)"
    },
    {
      "id": 1,
      "line": 10,
      "label": "if (isBirthday)"
    },
    {
      "id": 2,
      "line": 11,
      "label": "if (speed <= 65)"
    },
    {
      "id": 3,
      "line": 12,
      "label": "return 0;"
    },
    {
      "id": 4,
      "line": 0,
      "label": "endif"
    },
    {
      "id": 5,
      "line": 13,
      "label": "if (66 <= speed && speed <= 85)"
    },
    {
      "id": 6,
      "line": 14,
      "label": "return 1;"
    },
    {
      "id": 7,
      "line": 0,
      "label": "endif"
    },
    {
      "id": 8,
      "line": 15,
      "label": "if (86 <=  speed)"
    },
    {
      "id": 9,
      "line": 16,
      "label": "return 2;"
    },
    {
      "id": 10,
      "line": 0,
      "label": "endif"
    },
    {
      "id": 11,
      "line": 0,
      "label": "endif"
    },
    {
      "id": 12,
      "line": 20,
      "label": "if (speed <= 60)"
    },
    {
      "id": 13,
      "line": 21,
      "label": "return 0;"
    },
    {
      "id": 14,
      "line": 0,
      "label": "endif"
    },
    {
      "id": 15,
      "line": 22,
      "label": "if (61 <= speed && speed <= 80)"
    },
    {
      "id": 16,
      "line": 23,
      "label": "return 1;"
    },
    {
      "id": 17,
      "line": 0,
      "label": "endif"
    },
    {
      "id": 18,
      "line": 25,
      "label": "return 2;"
    }
  ],

  "edges": [
    {
      "id": 0,
      "source": 0,
      "target": 1,
      "label": ""
    },
    {
      "id": 1,
      "source": 1,
      "target": 2,
      "label": "True"
    },
    {
      "id": 2,
      "source": 2,
      "target": 3,
      "label": "True"
    },
    {
      "id": 3,
      "source": 2,
      "target": 5,
      "label": "False"
    },
    {
      "id": 4,
      "source": 5,
      "target": 6,
      "label": "True"
    },
    {
      "id": 5,
      "source": 5,
      "target": 8,
      "label": "False"
    },
    {
      "id": 6,
      "source": 8,
      "target": 9,
      "label": "True"
    },
    {
      "id": 7,
      "source": 8,
      "target": 10,
      "label": "False"
    },
    {
      "id": 8,
      "source": 10,
      "target": 7,
      "label": ""
    },
    {
      "id": 9,
      "source": 7,
      "target": 4,
      "label": ""
    },
    {
      "id": 10,
      "source": 4,
      "target": 11,
      "label": ""
    },
    {
      "id": 11,
      "source": 1,
      "target": 11,
      "label": "False"
    },
    {
      "id": 12,
      "source": 11,
      "target": 12,
      "label": ""
    },
    {
      "id": 13,
      "source": 12,
      "target": 13,
      "label": "True"
    },
    {
      "id": 14,
      "source": 12,
      "target": 15,
      "label": "False"
    },
    {
      "id": 15,
      "source": 15,
      "target": 16,
      "label": "True"
    },
    {
      "id": 16,
      "source": 15,
      "target": 18,
      "label": "False"
    },
    {
      "id": 17,
      "source": 17,
      "target": 14,
      "label": ""
    }
  ]
}
