{
  "directed": true,
  "multigraph": true,
  "label": "CFG of Logic2Evenlyspaced.java",
  "type": "Control Flow Graph (CFG)",
  "file": "Logic2Evenlyspaced.java",
  "package": "",

  "nodes": [
    {
      "id": 0,
      "line": 7,
      "label": "boolean evenlySpaced(int a, int b, int c)"
    },
    {
      "id": 1,
      "line": 8,
      "label": "int temp"
    },
    {
      "id": 2,
      "line": 9,
      "label": "if (a > b)"
    },
    {
      "id": 3,
      "line": 10,
      "label": "temp = a"
    },
    {
      "id": 4,
      "line": 11,
      "label": "a = b"
    },
    {
      "id": 5,
      "line": 12,
      "label": "b = temp"
    },
    {
      "id": 6,
      "line": 0,
      "label": "endif"
    },
    {
      "id": 7,
      "line": 15,
      "label": "if (b > c)"
    },
    {
      "id": 8,
      "line": 16,
      "label": "temp = b"
    },
    {
      "id": 9,
      "line": 17,
      "label": "b = c"
    },
    {
      "id": 10,
      "line": 18,
      "label": "c = temp"
    },
    {
      "id": 11,
      "line": 0,
      "label": "endif"
    },
    {
      "id": 12,
      "line": 21,
      "label": "if (a > b)"
    },
    {
      "id": 13,
      "line": 22,
      "label": "temp = a"
    },
    {
      "id": 14,
      "line": 23,
      "label": "a = b"
    },
    {
      "id": 15,
      "line": 24,
      "label": "b = temp"
    },
    {
      "id": 16,
      "line": 0,
      "label": "endif"
    },
    {
      "id": 17,
      "line": 27,
      "label": "return b - a == c - b;"
    }
  ],

  "edges": [
    {
      "id": 0,
      "source": 0,
      "target": 1,
      "label": ""
    },
    {
      "id": 1,
      "source": 1,
      "target": 2,
      "label": ""
    },
    {
      "id": 2,
      "source": 2,
      "target": 3,
      "label": "True"
    },
    {
      "id": 3,
      "source": 3,
      "target": 4,
      "label": ""
    },
    {
      "id": 4,
      "source": 4,
      "target": 5,
      "label": ""
    },
    {
      "id": 5,
      "source": 5,
      "target": 6,
      "label": ""
    },
    {
      "id": 6,
      "source": 2,
      "target": 6,
      "label": "False"
    },
    {
      "id": 7,
      "source": 6,
      "target": 7,
      "label": ""
    },
    {
      "id": 8,
      "source": 7,
      "target": 8,
      "label": "True"
    },
    {
      "id": 9,
      "source": 8,
      "target": 9,
      "label": ""
    },
    {
      "id": 10,
      "source": 9,
      "target": 10,
      "label": ""
    },
    {
      "id": 11,
      "source": 10,
      "target": 11,
      "label": ""
    },
    {
      "id": 12,
      "source": 7,
      "target": 11,
      "label": "False"
    },
    {
      "id": 13,
      "source": 11,
      "target": 12,
      "label": ""
    },
    {
      "id": 14,
      "source": 12,
      "target": 13,
      "label": "True"
    },
    {
      "id": 15,
      "source": 13,
      "target": 14,
      "label": ""
    },
    {
      "id": 16,
      "source": 14,
      "target": 15,
      "label": ""
    },
    {
      "id": 17,
      "source": 15,
      "target": 16,
      "label": ""
    },
    {
      "id": 18,
      "source": 12,
      "target": 16,
      "label": "False"
    },
    {
      "id": 19,
      "source": 16,
      "target": 17,
      "label": ""
    }
  ]
}
