{
  "directed": true,
  "multigraph": true,
  "label": "CFG of Logic1Fizzstring2.java",
  "type": "Control Flow Graph (CFG)",
  "file": "Logic1Fizzstring2.java",
  "package": "",

  "nodes": [
    {
      "id": 0,
      "line": 7,
      "label": "String fizzString2(int n)"
    },
    {
      "id": 1,
      "line": 8,
      "label": "if (n % 15 == 0)"
    },
    {
      "id": 2,
      "line": 9,
      "label": "return 'FizzBuzz!';"
    },
    {
      "id": 3,
      "line": 0,
      "label": "endif"
    },
    {
      "id": 4,
      "line": 11,
      "label": "if (n % 3 == 0)"
    },
    {
      "id": 5,
      "line": 12,
      "label": "return 'Fizz!';"
    },
    {
      "id": 6,
      "line": 0,
      "label": "endif"
    },
    {
      "id": 7,
      "line": 14,
      "label": "if (n % 5 == 0)"
    },
    {
      "id": 8,
      "line": 15,
      "label": "return 'Buzz!';"
    },
    {
      "id": 9,
      "line": 0,
      "label": "endif"
    },
    {
      "id": 10,
      "line": 17,
      "label": "return n + '!';"
    }
  ],

  "edges": [
    {
      "id": 0,
      "source": 0,
      "target": 1,
      "label": ""
    },
    {
      "id": 1,
      "source": 1,
      "target": 2,
      "label": "True"
    },
    {
      "id": 2,
      "source": 1,
      "target": 3,
      "label": "False"
    },
    {
      "id": 3,
      "source": 3,
      "target": 4,
      "label": ""
    },
    {
      "id": 4,
      "source": 4,
      "target": 5,
      "label": "True"
    },
    {
      "id": 5,
      "source": 4,
      "target": 6,
      "label": "False"
    },
    {
      "id": 6,
      "source": 6,
      "target": 7,
      "label": ""
    },
    {
      "id": 7,
      "source": 7,
      "target": 8,
      "label": "True"
    },
    {
      "id": 8,
      "source": 7,
      "target": 9,
      "label": "False"
    },
    {
      "id": 9,
      "source": 9,
      "target": 10,
      "label": ""
    }
  ]
}
