{
  "directed": true,
  "multigraph": true,
  "label": "CFG of Logic1In1To10.java",
  "type": "Control Flow Graph (CFG)",
  "file": "Logic1In1To10.java",
  "package": "",

  "nodes": [
    {
      "id": 0,
      "line": 6,
      "label": "boolean in1To10(int n, boolean outsideMode)"
    },
    {
      "id": 1,
      "line": 7,
      "label": "if (outsideMode)"
    },
    {
      "id": 2,
      "line": 8,
      "label": "return n <= 1 || 10 <= n;"
    },
    {
      "id": 3,
      "line": 0,
      "label": "endif"
    },
    {
      "id": 4,
      "line": 10,
      "label": "return 1 <= n && n <= 10;"
    }
  ],

  "edges": [
    {
      "id": 0,
      "source": 0,
      "target": 1,
      "label": ""
    },
    {
      "id": 1,
      "source": 1,
      "target": 2,
      "label": "True"
    },
    {
      "id": 2,
      "source": 1,
      "target": 3,
      "label": "False"
    },
    {
      "id": 3,
      "source": 3,
      "target": 4,
      "label": ""
    }
  ]
}
