{
  "directed": true,
  "multigraph": true,
  "label": "CFG of Logic1Squirrelplay.java",
  "type": "Control Flow Graph (CFG)",
  "file": "Logic1Squirrelplay.java",
  "package": "",

  "nodes": [
    {
      "id": 0,
      "line": 8,
      "label": "boolean squirrelPlay(int temp, boolean isSummer)"
    },
    {
      "id": 1,
      "line": 9,
      "label": "if (isSummer && 60 <= temp && temp <= 100)"
    },
    {
      "id": 2,
      "line": 10,
      "label": "return true;"
    },
    {
      "id": 3,
      "line": 0,
      "label": "endif"
    },
    {
      "id": 4,
      "line": 12,
      "label": "if (!isSummer && 60 <= temp && temp <= 90)"
    },
    {
      "id": 5,
      "line": 13,
      "label": "return true;"
    },
    {
      "id": 6,
      "line": 0,
      "label": "endif"
    },
    {
      "id": 7,
      "line": 15,
      "label": "return false;"
    }
  ],

  "edges": [
    {
      "id": 0,
      "source": 0,
      "target": 1,
      "label": ""
    },
    {
      "id": 1,
      "source": 1,
      "target": 2,
      "label": "True"
    },
    {
      "id": 2,
      "source": 1,
      "target": 3,
      "label": "False"
    },
    {
      "id": 3,
      "source": 3,
      "target": 4,
      "label": ""
    },
    {
      "id": 4,
      "source": 4,
      "target": 5,
      "label": "True"
    },
    {
      "id": 5,
      "source": 4,
      "target": 6,
      "label": "False"
    },
    {
      "id": 6,
      "source": 6,
      "target": 7,
      "label": ""
    }
  ]
}
