{
  "directed": true,
  "multigraph": true,
  "label": "CFG of Logic1Lessby10.java",
  "type": "Control Flow Graph (CFG)",
  "file": "Logic1Lessby10.java",
  "package": "",

  "nodes": [
    {
      "id": 0,
      "line": 5,
      "label": "boolean lessBy10(int a, int b, int c)"
    },
    {
      "id": 1,
      "line": 6,
      "label": "return  Math.abs(a - b) >= 10 || Math.abs(a - c) >= 10 || 
        Math.abs(b - c) >= 10;"
    }
  ],

  "edges": [
    {
      "id": 0,
      "source": 0,
      "target": 1,
      "label": ""
    }
  ]
}
