{
  "directed": true,
  "multigraph": true,
  "label": "CFG of Logic2Makebricks.java",
  "type": "Control Flow Graph (CFG)",
  "file": "Logic2Makebricks.java",
  "package": "",

  "nodes": [
    {
      "id": 0,
      "line": 6,
      "label": "boolean makeBricks(int small, int big, int goal)"
    },
    {
      "id": 1,
      "line": 7,
      "label": "int remainder = goal >= (5 * big) ? goal - (5 * big) : goal % 5"
    },
    {
      "id": 2,
      "line": 9,
      "label": "return small >= remainder;"
    }
  ],

  "edges": [
    {
      "id": 0,
      "source": 0,
      "target": 1,
      "label": ""
    },
    {
      "id": 1,
      "source": 1,
      "target": 2,
      "label": ""
    }
  ]
}
