{
  "directed": true,
  "multigraph": true,
  "label": "CFG of Logic2Roundsum.java",
  "type": "Control Flow Graph (CFG)",
  "file": "Logic2Roundsum.java",
  "package": "",

  "nodes": [
    {
      "id": 0,
      "line": 10,
      "label": "int roundSum(int a, int b, int c)"
    },
    {
      "id": 1,
      "line": 11,
      "label": "return round10(a) + round10(b) + round10(c);"
    },
    {
      "id": 2,
      "line": 14,
      "label": "int round10(int num)"
    },
    {
      "id": 3,
      "line": 15,
      "label": "int rd = num % 10"
    },
    {
      "id": 4,
      "line": 17,
      "label": "if (rd >= 5)"
    },
    {
      "id": 5,
      "line": 18,
      "label": "return num + 10 - rd;"
    },
    {
      "id": 6,
      "line": 0,
      "label": "endif"
    },
    {
      "id": 7,
      "line": 20,
      "label": "return num - rd;"
    }
  ],

  "edges": [
    {
      "id": 0,
      "source": 0,
      "target": 1,
      "label": ""
    },
    {
      "id": 1,
      "source": 2,
      "target": 3,
      "label": ""
    },
    {
      "id": 2,
      "source": 3,
      "target": 4,
      "label": ""
    },
    {
      "id": 3,
      "source": 4,
      "target": 5,
      "label": "True"
    },
    {
      "id": 4,
      "source": 4,
      "target": 6,
      "label": "False"
    },
    {
      "id": 5,
      "source": 6,
      "target": 7,
      "label": ""
    }
  ]
}
