{
  "directed": true,
  "multigraph": true,
  "label": "CFG of Recursion1Powern.java",
  "type": "Control Flow Graph (CFG)",
  "file": "Recursion1Powern.java",
  "package": "",

  "nodes": [
    {
      "id": 0,
      "line": 5,
      "label": "int powerN(int base, int n)"
    },
    {
      "id": 1,
      "line": 6,
      "label": "if (n <= 1)"
    },
    {
      "id": 2,
      "line": 7,
      "label": "return base;"
    },
    {
      "id": 3,
      "line": 0,
      "label": "endif"
    },
    {
      "id": 4,
      "line": 9,
      "label": "return base * powerN(base, n - 1);"
    }
  ],

  "edges": [
    {
      "id": 0,
      "source": 0,
      "target": 1,
      "label": ""
    },
    {
      "id": 1,
      "source": 1,
      "target": 2,
      "label": "True"
    },
    {
      "id": 2,
      "source": 1,
      "target": 3,
      "label": "False"
    },
    {
      "id": 3,
      "source": 3,
      "target": 4,
      "label": ""
    }
  ]
}
