{
  "directed": true,
  "multigraph": true,
  "label": "CFG of Recursion1Bunnyears2.java",
  "type": "Control Flow Graph (CFG)",
  "file": "Recursion1Bunnyears2.java",
  "package": "",

  "nodes": [
    {
      "id": 0,
      "line": 8,
      "label": "int bunnyEars2(int bunnies)"
    },
    {
      "id": 1,
      "line": 9,
      "label": "if (bunnies == 0)"
    },
    {
      "id": 2,
      "line": 10,
      "label": "return 0;"
    },
    {
      "id": 3,
      "line": 0,
      "label": "endif"
    },
    {
      "id": 4,
      "line": 12,
      "label": "if (bunnies % 2 == 1)"
    },
    {
      "id": 5,
      "line": 13,
      "label": "return 2 + bunnyEars2(bunnies-1);"
    },
    {
      "id": 6,
      "line": 0,
      "label": "endif"
    },
    {
      "id": 7,
      "line": 15,
      "label": "return 3 + bunnyEars2(bunnies-1);"
    }
  ],

  "edges": [
    {
      "id": 0,
      "source": 0,
      "target": 1,
      "label": ""
    },
    {
      "id": 1,
      "source": 1,
      "target": 2,
      "label": "True"
    },
    {
      "id": 2,
      "source": 1,
      "target": 3,
      "label": "False"
    },
    {
      "id": 3,
      "source": 3,
      "target": 4,
      "label": ""
    },
    {
      "id": 4,
      "source": 4,
      "target": 5,
      "label": "True"
    },
    {
      "id": 5,
      "source": 4,
      "target": 6,
      "label": "False"
    },
    {
      "id": 6,
      "source": 6,
      "target": 7,
      "label": ""
    }
  ]
}
