{
  "directed": true,
  "multigraph": true,
  "label": "CFG of Recursion1Strcount.java",
  "type": "Control Flow Graph (CFG)",
  "file": "Recursion1Strcount.java",
  "package": "",

  "nodes": [
    {
      "id": 0,
      "line": 6,
      "label": "int strCount(String str, String sub)"
    },
    {
      "id": 1,
      "line": 7,
      "label": "if (str.length() < sub.length())"
    },
    {
      "id": 2,
      "line": 8,
      "label": "return 0;"
    },
    {
      "id": 3,
      "line": 0,
      "label": "endif"
    },
    {
      "id": 4,
      "line": 10,
      "label": "if (str.substring(0, sub.length()).equals(sub))"
    },
    {
      "id": 5,
      "line": 11,
      "label": "return 1 + strCount(str.substring(sub.length()), sub);"
    },
    {
      "id": 6,
      "line": 0,
      "label": "endif"
    },
    {
      "id": 7,
      "line": 13,
      "label": "return strCount(str.substring(1), sub);"
    }
  ],

  "edges": [
    {
      "id": 0,
      "source": 0,
      "target": 1,
      "label": ""
    },
    {
      "id": 1,
      "source": 1,
      "target": 2,
      "label": "True"
    },
    {
      "id": 2,
      "source": 1,
      "target": 3,
      "label": "False"
    },
    {
      "id": 3,
      "source": 3,
      "target": 4,
      "label": ""
    },
    {
      "id": 4,
      "source": 4,
      "target": 5,
      "label": "True"
    },
    {
      "id": 5,
      "source": 4,
      "target": 6,
      "label": "False"
    },
    {
      "id": 6,
      "source": 6,
      "target": 7,
      "label": ""
    }
  ]
}
