{
  "directed": true,
  "multigraph": true,
  "label": "CFG of Recursion1Nox.java",
  "type": "Control Flow Graph (CFG)",
  "file": "Recursion1Nox.java",
  "package": "",

  "nodes": [
    {
      "id": 0,
      "line": 5,
      "label": "String noX(String str)"
    },
    {
      "id": 1,
      "line": 6,
      "label": "if (str.length() == 0)"
    },
    {
      "id": 2,
      "line": 7,
      "label": "return str;"
    },
    {
      "id": 3,
      "line": 0,
      "label": "endif"
    },
    {
      "id": 4,
      "line": 9,
      "label": "if (str.charAt(0) == 'x')"
    },
    {
      "id": 5,
      "line": 10,
      "label": "return noX(str.substring(1));"
    },
    {
      "id": 6,
      "line": 0,
      "label": "endif"
    },
    {
      "id": 7,
      "line": 12,
      "label": "return str.charAt(0) + noX(str.substring(1));"
    }
  ],

  "edges": [
    {
      "id": 0,
      "source": 0,
      "target": 1,
      "label": ""
    },
    {
      "id": 1,
      "source": 1,
      "target": 2,
      "label": "True"
    },
    {
      "id": 2,
      "source": 1,
      "target": 3,
      "label": "False"
    },
    {
      "id": 3,
      "source": 3,
      "target": 4,
      "label": ""
    },
    {
      "id": 4,
      "source": 4,
      "target": 5,
      "label": "True"
    },
    {
      "id": 5,
      "source": 4,
      "target": 6,
      "label": "False"
    },
    {
      "id": 6,
      "source": 6,
      "target": 7,
      "label": ""
    }
  ]
}
