{
  "directed": true,
  "multigraph": true,
  "label": "CFG of Recursion1Stringclean.java",
  "type": "Control Flow Graph (CFG)",
  "file": "Recursion1Stringclean.java",
  "package": "",

  "nodes": [
    {
      "id": 0,
      "line": 6,
      "label": "String stringClean(String str)"
    },
    {
      "id": 1,
      "line": 7,
      "label": "if (str.length() <= 1)"
    },
    {
      "id": 2,
      "line": 8,
      "label": "return str;"
    },
    {
      "id": 3,
      "line": 0,
      "label": "endif"
    },
    {
      "id": 4,
      "line": 10,
      "label": "if (str.charAt(0) == str.charAt(1))"
    },
    {
      "id": 5,
      "line": 11,
      "label": "return stringClean(str.substring(1));"
    },
    {
      "id": 6,
      "line": 0,
      "label": "endif"
    },
    {
      "id": 7,
      "line": 13,
      "label": "return str.charAt(0) + stringClean(str.substring(1));"
    }
  ],

  "edges": [
    {
      "id": 0,
      "source": 0,
      "target": 1,
      "label": ""
    },
    {
      "id": 1,
      "source": 1,
      "target": 2,
      "label": "True"
    },
    {
      "id": 2,
      "source": 1,
      "target": 3,
      "label": "False"
    },
    {
      "id": 3,
      "source": 3,
      "target": 4,
      "label": ""
    },
    {
      "id": 4,
      "source": 4,
      "target": 5,
      "label": "True"
    },
    {
      "id": 5,
      "source": 4,
      "target": 6,
      "label": "False"
    },
    {
      "id": 6,
      "source": 6,
      "target": 7,
      "label": ""
    }
  ]
}
