{
  "directed": true,
  "multigraph": true,
  "label": "CFG of Recursion1Bunnyears.java",
  "type": "Control Flow Graph (CFG)",
  "file": "Recursion1Bunnyears.java",
  "package": "",

  "nodes": [
    {
      "id": 0,
      "line": 6,
      "label": "int bunnyEars(int bunnies)"
    },
    {
      "id": 1,
      "line": 7,
      "label": "if (bunnies == 0)"
    },
    {
      "id": 2,
      "line": 8,
      "label": "return 0;"
    },
    {
      "id": 3,
      "line": 0,
      "label": "endif"
    },
    {
      "id": 4,
      "line": 10,
      "label": "return 2 + bunnyEars(bunnies - 1);"
    }
  ],

  "edges": [
    {
      "id": 0,
      "source": 0,
      "target": 1,
      "label": ""
    },
    {
      "id": 1,
      "source": 1,
      "target": 2,
      "label": "True"
    },
    {
      "id": 2,
      "source": 1,
      "target": 3,
      "label": "False"
    },
    {
      "id": 3,
      "source": 3,
      "target": 4,
      "label": ""
    }
  ]
}
