{
  "directed": true,
  "multigraph": true,
  "label": "CFG of Recursion1Allstar.java",
  "type": "Control Flow Graph (CFG)",
  "file": "Recursion1Allstar.java",
  "package": "",

  "nodes": [
    {
      "id": 0,
      "line": 5,
      "label": "String allStar(String str)"
    },
    {
      "id": 1,
      "line": 6,
      "label": "if (str.length() <= 1)"
    },
    {
      "id": 2,
      "line": 7,
      "label": "return str;"
    },
    {
      "id": 3,
      "line": 0,
      "label": "endif"
    },
    {
      "id": 4,
      "line": 9,
      "label": "return str.charAt(0) + '*' + allStar(str.substring(1));"
    }
  ],

  "edges": [
    {
      "id": 0,
      "source": 0,
      "target": 1,
      "label": ""
    },
    {
      "id": 1,
      "source": 1,
      "target": 2,
      "label": "True"
    },
    {
      "id": 2,
      "source": 1,
      "target": 3,
      "label": "False"
    },
    {
      "id": 3,
      "source": 3,
      "target": 4,
      "label": ""
    }
  ]
}
