{
  "directed": true,
  "multigraph": true,
  "label": "CFG of Recursion1Fibonacci.java",
  "type": "Control Flow Graph (CFG)",
  "file": "Recursion1Fibonacci.java",
  "package": "",

  "nodes": [
    {
      "id": 0,
      "line": 9,
      "label": "int fibonacci(int n)"
    },
    {
      "id": 1,
      "line": 10,
      "label": "if (n <= 1)"
    },
    {
      "id": 2,
      "line": 11,
      "label": "return n;"
    },
    {
      "id": 3,
      "line": 0,
      "label": "endif"
    },
    {
      "id": 4,
      "line": 13,
      "label": "return fibonacci(n-1) + fibonacci(n-2);"
    }
  ],

  "edges": [
    {
      "id": 0,
      "source": 0,
      "target": 1,
      "label": ""
    },
    {
      "id": 1,
      "source": 1,
      "target": 2,
      "label": "True"
    },
    {
      "id": 2,
      "source": 1,
      "target": 3,
      "label": "False"
    },
    {
      "id": 3,
      "source": 3,
      "target": 4,
      "label": ""
    }
  ]
}
