{
  "directed": true,
  "multigraph": true,
  "label": "CFG of Recursion1Strcopies.java",
  "type": "Control Flow Graph (CFG)",
  "file": "Recursion1Strcopies.java",
  "package": "",

  "nodes": [
    {
      "id": 0,
      "line": 6,
      "label": "boolean strCopies(String str, String sub, int n)"
    },
    {
      "id": 1,
      "line": 7,
      "label": "if (n == 0)"
    },
    {
      "id": 2,
      "line": 8,
      "label": "return true;"
    },
    {
      "id": 3,
      "line": 0,
      "label": "endif"
    },
    {
      "id": 4,
      "line": 10,
      "label": "if (str.length() < sub.length())"
    },
    {
      "id": 5,
      "line": 11,
      "label": "return false;"
    },
    {
      "id": 6,
      "line": 0,
      "label": "endif"
    },
    {
      "id": 7,
      "line": 13,
      "label": "if (str.substring(0, sub.length()).equals(sub))"
    },
    {
      "id": 8,
      "line": 14,
      "label": "return strCopies(str.substring(1), sub, n-1);"
    },
    {
      "id": 9,
      "line": 0,
      "label": "endif"
    },
    {
      "id": 10,
      "line": 16,
      "label": "return strCopies(str.substring(1), sub, n);"
    }
  ],

  "edges": [
    {
      "id": 0,
      "source": 0,
      "target": 1,
      "label": ""
    },
    {
      "id": 1,
      "source": 1,
      "target": 2,
      "label": "True"
    },
    {
      "id": 2,
      "source": 1,
      "target": 3,
      "label": "False"
    },
    {
      "id": 3,
      "source": 3,
      "target": 4,
      "label": ""
    },
    {
      "id": 4,
      "source": 4,
      "target": 5,
      "label": "True"
    },
    {
      "id": 5,
      "source": 4,
      "target": 6,
      "label": "False"
    },
    {
      "id": 6,
      "source": 6,
      "target": 7,
      "label": ""
    },
    {
      "id": 7,
      "source": 7,
      "target": 8,
      "label": "True"
    },
    {
      "id": 8,
      "source": 7,
      "target": 9,
      "label": "False"
    },
    {
      "id": 9,
      "source": 9,
      "target": 10,
      "label": ""
    }
  ]
}
