{
  "directed": true,
  "multigraph": true,
  "label": "CFG of Recursion2Groupsumclump.java",
  "type": "Control Flow Graph (CFG)",
  "file": "Recursion2Groupsumclump.java",
  "package": "",

  "nodes": [
    {
      "id": 0,
      "line": 10,
      "label": "boolean groupSumClump(int start, int[] nums, int target)"
    },
    {
      "id": 1,
      "line": 11,
      "label": "if (start >= nums.length)"
    },
    {
      "id": 2,
      "line": 12,
      "label": "return target == 0;"
    },
    {
      "id": 3,
      "line": 0,
      "label": "endif"
    },
    {
      "id": 4,
      "line": 14,
      "label": "int i = start"
    },
    {
      "id": 5,
      "line": 15,
      "label": "int sum = 0"
    },
    {
      "id": 6,
      "line": 17,
      "label": "while (i < nums.length && nums[start] == nums[i])"
    },
    {
      "id": 7,
      "line": 0,
      "label": "endwhile"
    },
    {
      "id": 8,
      "line": 18,
      "label": "sum += nums[i]"
    },
    {
      "id": 9,
      "line": 19,
      "label": "i++"
    },
    {
      "id": 10,
      "line": 22,
      "label": "if (groupSumClump(i, nums, target - sum))"
    },
    {
      "id": 11,
      "line": 23,
      "label": "return true;"
    },
    {
      "id": 12,
      "line": 0,
      "label": "endif"
    },
    {
      "id": 13,
      "line": 25,
      "label": "if (groupSumClump(i, nums, target))"
    },
    {
      "id": 14,
      "line": 26,
      "label": "return true;"
    },
    {
      "id": 15,
      "line": 0,
      "label": "endif"
    },
    {
      "id": 16,
      "line": 28,
      "label": "return false;"
    }
  ],

  "edges": [
    {
      "id": 0,
      "source": 0,
      "target": 1,
      "label": ""
    },
    {
      "id": 1,
      "source": 1,
      "target": 2,
      "label": "True"
    },
    {
      "id": 2,
      "source": 1,
      "target": 3,
      "label": "False"
    },
    {
      "id": 3,
      "source": 3,
      "target": 4,
      "label": ""
    },
    {
      "id": 4,
      "source": 4,
      "target": 5,
      "label": ""
    },
    {
      "id": 5,
      "source": 5,
      "target": 6,
      "label": ""
    },
    {
      "id": 6,
      "source": 6,
      "target": 7,
      "label": "False"
    },
    {
      "id": 7,
      "source": 6,
      "target": 8,
      "label": "True"
    },
    {
      "id": 8,
      "source": 8,
      "target": 9,
      "label": ""
    },
    {
      "id": 9,
      "source": 9,
      "target": 6,
      "label": ""
    },
    {
      "id": 10,
      "source": 7,
      "target": 10,
      "label": ""
    },
    {
      "id": 11,
      "source": 10,
      "target": 11,
      "label": "True"
    },
    {
      "id": 12,
      "source": 10,
      "target": 12,
      "label": "False"
    },
    {
      "id": 13,
      "source": 12,
      "target": 13,
      "label": ""
    },
    {
      "id": 14,
      "source": 13,
      "target": 14,
      "label": "True"
    },
    {
      "id": 15,
      "source": 13,
      "target": 15,
      "label": "False"
    },
    {
      "id": 16,
      "source": 15,
      "target": 16,
      "label": ""
    }
  ]
}
