{
  "directed": true,
  "multigraph": true,
  "label": "CFG of Recursion2Splitodd10.java",
  "type": "Control Flow Graph (CFG)",
  "file": "Recursion2Splitodd10.java",
  "package": "",

  "nodes": [
    {
      "id": 0,
      "line": 9,
      "label": "boolean splitOdd10(int[] nums)"
    },
    {
      "id": 1,
      "line": 10,
      "label": "return splitOdd10Helper(0, nums, 0, 0);"
    },
    {
      "id": 2,
      "line": 13,
      "label": "boolean splitOdd10Helper(int start, int[] nums, int mult, int odd)"
    },
    {
      "id": 3,
      "line": 14,
      "label": "if (start >= nums.length)"
    },
    {
      "id": 4,
      "line": 15,
      "label": "return mult % 10 == 0 && odd % 2 == 1;"
    },
    {
      "id": 5,
      "line": 0,
      "label": "endif"
    },
    {
      "id": 6,
      "line": 17,
      "label": "if (splitOdd10Helper(start+1, nums, mult + nums[start], odd))"
    },
    {
      "id": 7,
      "line": 18,
      "label": "return true;"
    },
    {
      "id": 8,
      "line": 0,
      "label": "endif"
    },
    {
      "id": 9,
      "line": 20,
      "label": "if (splitOdd10Helper(start+1, nums, mult, odd + nums[start]))"
    },
    {
      "id": 10,
      "line": 21,
      "label": "return true;"
    },
    {
      "id": 11,
      "line": 0,
      "label": "endif"
    },
    {
      "id": 12,
      "line": 23,
      "label": "return false;"
    }
  ],

  "edges": [
    {
      "id": 0,
      "source": 0,
      "target": 1,
      "label": ""
    },
    {
      "id": 1,
      "source": 2,
      "target": 3,
      "label": ""
    },
    {
      "id": 2,
      "source": 3,
      "target": 4,
      "label": "True"
    },
    {
      "id": 3,
      "source": 3,
      "target": 5,
      "label": "False"
    },
    {
      "id": 4,
      "source": 5,
      "target": 6,
      "label": ""
    },
    {
      "id": 5,
      "source": 6,
      "target": 7,
      "label": "True"
    },
    {
      "id": 6,
      "source": 6,
      "target": 8,
      "label": "False"
    },
    {
      "id": 7,
      "source": 8,
      "target": 9,
      "label": ""
    },
    {
      "id": 8,
      "source": 9,
      "target": 10,
      "label": "True"
    },
    {
      "id": 9,
      "source": 9,
      "target": 11,
      "label": "False"
    },
    {
      "id": 10,
      "source": 11,
      "target": 12,
      "label": ""
    }
  ]
}
