{
  "directed": true,
  "multigraph": true,
  "label": "CFG of Recursion1Count8.java",
  "type": "Control Flow Graph (CFG)",
  "file": "Recursion1Count8.java",
  "package": "",

  "nodes": [
    {
      "id": 0,
      "line": 6,
      "label": "int count8(int n)"
    },
    {
      "id": 1,
      "line": 7,
      "label": "if (n == 0)"
    },
    {
      "id": 2,
      "line": 8,
      "label": "return 0;"
    },
    {
      "id": 3,
      "line": 0,
      "label": "endif"
    },
    {
      "id": 4,
      "line": 10,
      "label": "if (n % 10 == 8)"
    },
    {
      "id": 5,
      "line": 11,
      "label": "if ((n / 10) % 10 == 8)"
    },
    {
      "id": 6,
      "line": 12,
      "label": "return 2 + count8(n/10);"
    },
    {
      "id": 7,
      "line": 0,
      "label": "endif"
    },
    {
      "id": 8,
      "line": 14,
      "label": "return 1 + count8(n/10);"
    },
    {
      "id": 9,
      "line": 0,
      "label": "endif"
    },
    {
      "id": 10,
      "line": 17,
      "label": "return count8(n/10);"
    }
  ],

  "edges": [
    {
      "id": 0,
      "source": 0,
      "target": 1,
      "label": ""
    },
    {
      "id": 1,
      "source": 1,
      "target": 2,
      "label": "True"
    },
    {
      "id": 2,
      "source": 1,
      "target": 3,
      "label": "False"
    },
    {
      "id": 3,
      "source": 3,
      "target": 4,
      "label": ""
    },
    {
      "id": 4,
      "source": 4,
      "target": 5,
      "label": "True"
    },
    {
      "id": 5,
      "source": 5,
      "target": 6,
      "label": "True"
    },
    {
      "id": 6,
      "source": 5,
      "target": 7,
      "label": "False"
    },
    {
      "id": 7,
      "source": 7,
      "target": 8,
      "label": ""
    },
    {
      "id": 8,
      "source": 4,
      "target": 9,
      "label": "False"
    },
    {
      "id": 9,
      "source": 9,
      "target": 10,
      "label": ""
    }
  ]
}
