{
  "directed": true,
  "multigraph": true,
  "label": "CFG of String2Prefixagain.java",
  "type": "Control Flow Graph (CFG)",
  "file": "String2Prefixagain.java",
  "package": "",

  "nodes": [
    {
      "id": 0,
      "line": 7,
      "label": "boolean prefixAgain(String str, int n)"
    },
    {
      "id": 1,
      "line": 8,
      "label": "String prefix = str.substring(0, n)"
    },
    {
      "id": 2,
      "line": 10,
      "label": "int i = n"
    },
    {
      "id": 3,
      "line": 10,
      "label": "for (i <= str.length() - n)"
    },
    {
      "id": 4,
      "line": 10,
      "label": "i++"
    },
    {
      "id": 5,
      "line": 0,
      "label": "endfor"
    },
    {
      "id": 6,
      "line": 11,
      "label": "if (str.substring(i, i + n).equals(prefix))"
    },
    {
      "id": 7,
      "line": 12,
      "label": "return true;"
    },
    {
      "id": 8,
      "line": 0,
      "label": "endif"
    },
    {
      "id": 9,
      "line": 15,
      "label": "return false;"
    }
  ],

  "edges": [
    {
      "id": 0,
      "source": 0,
      "target": 1,
      "label": ""
    },
    {
      "id": 1,
      "source": 1,
      "target": 2,
      "label": ""
    },
    {
      "id": 2,
      "source": 2,
      "target": 3,
      "label": ""
    },
    {
      "id": 3,
      "source": 3,
      "target": 5,
      "label": "False"
    },
    {
      "id": 4,
      "source": 3,
      "target": 6,
      "label": "True"
    },
    {
      "id": 5,
      "source": 6,
      "target": 7,
      "label": "True"
    },
    {
      "id": 6,
      "source": 6,
      "target": 8,
      "label": "False"
    },
    {
      "id": 7,
      "source": 8,
      "target": 4,
      "label": ""
    },
    {
      "id": 8,
      "source": 4,
      "target": 3,
      "label": ""
    },
    {
      "id": 9,
      "source": 5,
      "target": 9,
      "label": ""
    }
  ]
}
