{
  "directed": true,
  "multigraph": true,
  "label": "CFG of String1Atfirst.java",
  "type": "Control Flow Graph (CFG)",
  "file": "String1Atfirst.java",
  "package": "",

  "nodes": [
    {
      "id": 0,
      "line": 5,
      "label": "String atFirst(String str)"
    },
    {
      "id": 1,
      "line": 6,
      "label": "if (str.length() == 0)"
    },
    {
      "id": 2,
      "line": 7,
      "label": "return '@@';"
    },
    {
      "id": 3,
      "line": 0,
      "label": "endif"
    },
    {
      "id": 4,
      "line": 9,
      "label": "if (str.length() == 1)"
    },
    {
      "id": 5,
      "line": 10,
      "label": "return str + '@';"
    },
    {
      "id": 6,
      "line": 0,
      "label": "endif"
    },
    {
      "id": 7,
      "line": 12,
      "label": "return str.substring(0, 2);"
    }
  ],

  "edges": [
    {
      "id": 0,
      "source": 0,
      "target": 1,
      "label": ""
    },
    {
      "id": 1,
      "source": 1,
      "target": 2,
      "label": "True"
    },
    {
      "id": 2,
      "source": 1,
      "target": 3,
      "label": "False"
    },
    {
      "id": 3,
      "source": 3,
      "target": 4,
      "label": ""
    },
    {
      "id": 4,
      "source": 4,
      "target": 5,
      "label": "True"
    },
    {
      "id": 5,
      "source": 4,
      "target": 6,
      "label": "False"
    },
    {
      "id": 6,
      "source": 6,
      "target": 7,
      "label": ""
    }
  ]
}
