{
  "directed": true,
  "multigraph": true,
  "label": "CFG of String1Middletwo.java",
  "type": "Control Flow Graph (CFG)",
  "file": "String1Middletwo.java",
  "package": "",

  "nodes": [
    {
      "id": 0,
      "line": 6,
      "label": "String middleTwo(String str)"
    },
    {
      "id": 1,
      "line": 7,
      "label": "return str.substring(str.length() / 2 - 1, str.length() / 2 + 1);"
    }
  ],

  "edges": [
    {
      "id": 0,
      "source": 0,
      "target": 1,
      "label": ""
    }
  ]
}
