{
  "directed": true,
  "multigraph": true,
  "label": "CFG of String1Defront.java",
  "type": "Control Flow Graph (CFG)",
  "file": "String1Defront.java",
  "package": "",

  "nodes": [
    {
      "id": 0,
      "line": 6,
      "label": "String deFront(String str)"
    },
    {
      "id": 1,
      "line": 7,
      "label": "if (str.length() == 1 && str.charAt(0) != 'a')"
    },
    {
      "id": 2,
      "line": 8,
      "label": "return '';"
    },
    {
      "id": 3,
      "line": 0,
      "label": "endif"
    },
    {
      "id": 4,
      "line": 10,
      "label": "if (str.length() >= 2)"
    },
    {
      "id": 5,
      "line": 11,
      "label": "if (str.charAt(0) != 'a' && str.charAt(1) != 'b')"
    },
    {
      "id": 6,
      "line": 12,
      "label": "return str.substring(2);"
    },
    {
      "id": 7,
      "line": 0,
      "label": "endif"
    },
    {
      "id": 8,
      "line": 13,
      "label": "if (str.charAt(0) != 'a')"
    },
    {
      "id": 9,
      "line": 14,
      "label": "return str.substring(1);"
    },
    {
      "id": 10,
      "line": 0,
      "label": "endif"
    },
    {
      "id": 11,
      "line": 15,
      "label": "if (str.charAt(1) != 'b')"
    },
    {
      "id": 12,
      "line": 16,
      "label": "return 'a' + str.substring(2);"
    },
    {
      "id": 13,
      "line": 0,
      "label": "endif"
    },
    {
      "id": 14,
      "line": 0,
      "label": "endif"
    },
    {
      "id": 15,
      "line": 20,
      "label": "return str;"
    }
  ],

  "edges": [
    {
      "id": 0,
      "source": 0,
      "target": 1,
      "label": ""
    },
    {
      "id": 1,
      "source": 1,
      "target": 2,
      "label": "True"
    },
    {
      "id": 2,
      "source": 1,
      "target": 3,
      "label": "False"
    },
    {
      "id": 3,
      "source": 3,
      "target": 4,
      "label": ""
    },
    {
      "id": 4,
      "source": 4,
      "target": 5,
      "label": "True"
    },
    {
      "id": 5,
      "source": 5,
      "target": 6,
      "label": "True"
    },
    {
      "id": 6,
      "source": 5,
      "target": 8,
      "label": "False"
    },
    {
      "id": 7,
      "source": 8,
      "target": 9,
      "label": "True"
    },
    {
      "id": 8,
      "source": 8,
      "target": 11,
      "label": "False"
    },
    {
      "id": 9,
      "source": 11,
      "target": 12,
      "label": "True"
    },
    {
      "id": 10,
      "source": 11,
      "target": 13,
      "label": "False"
    },
    {
      "id": 11,
      "source": 13,
      "target": 10,
      "label": ""
    },
    {
      "id": 12,
      "source": 10,
      "target": 7,
      "label": ""
    },
    {
      "id": 13,
      "source": 7,
      "target": 14,
      "label": ""
    },
    {
      "id": 14,
      "source": 4,
      "target": 14,
      "label": "False"
    },
    {
      "id": 15,
      "source": 14,
      "target": 15,
      "label": ""
    }
  ]
}
