{
  "directed": true,
  "multigraph": true,
  "label": "CFG of String1Mincat.java",
  "type": "Control Flow Graph (CFG)",
  "file": "String1Mincat.java",
  "package": "",

  "nodes": [
    {
      "id": 0,
      "line": 7,
      "label": "String minCat(String a, String b)"
    },
    {
      "id": 1,
      "line": 8,
      "label": "int min = Math.min(a.length(), b.length())"
    },
    {
      "id": 2,
      "line": 10,
      "label": "return a.substring(a.length() - min) + b.substring(b.length() - min);"
    }
  ],

  "edges": [
    {
      "id": 0,
      "source": 0,
      "target": 1,
      "label": ""
    },
    {
      "id": 1,
      "source": 1,
      "target": 2,
      "label": ""
    }
  ]
}
