{
  "directed": true,
  "multigraph": true,
  "label": "CFG of String2Xyzmiddle.java",
  "type": "Control Flow Graph (CFG)",
  "file": "String2Xyzmiddle.java",
  "package": "",

  "nodes": [
    {
      "id": 0,
      "line": 6,
      "label": "boolean xyzMiddle(String str)"
    },
    {
      "id": 1,
      "line": 7,
      "label": "if (str.length() < 3)"
    },
    {
      "id": 2,
      "line": 8,
      "label": "return false;"
    },
    {
      "id": 3,
      "line": 0,
      "label": "endif"
    },
    {
      "id": 4,
      "line": 10,
      "label": "int start1 = str.length() / 2 - 2"
    },
    {
      "id": 5,
      "line": 11,
      "label": "int start2 = str.length() / 2 - 1"
    },
    {
      "id": 6,
      "line": 13,
      "label": "if (str.length() % 2 == 0)"
    },
    {
      "id": 7,
      "line": 14,
      "label": "return str.substring(start1, start1 + 3).equals('xyz') ||
            str.substring(start2, start2 + 3).equals('xyz');"
    },
    {
      "id": 8,
      "line": 0,
      "label": "endif"
    },
    {
      "id": 9,
      "line": 18,
      "label": "return str.substring(start2, start2 + 3).equals('xyz');"
    }
  ],

  "edges": [
    {
      "id": 0,
      "source": 0,
      "target": 1,
      "label": ""
    },
    {
      "id": 1,
      "source": 1,
      "target": 2,
      "label": "True"
    },
    {
      "id": 2,
      "source": 1,
      "target": 3,
      "label": "False"
    },
    {
      "id": 3,
      "source": 3,
      "target": 4,
      "label": ""
    },
    {
      "id": 4,
      "source": 4,
      "target": 5,
      "label": ""
    },
    {
      "id": 5,
      "source": 5,
      "target": 6,
      "label": ""
    },
    {
      "id": 6,
      "source": 6,
      "target": 7,
      "label": "True"
    },
    {
      "id": 7,
      "source": 6,
      "target": 8,
      "label": "False"
    },
    {
      "id": 8,
      "source": 8,
      "target": 9,
      "label": ""
    }
  ]
}
