{
  "directed": true,
  "multigraph": true,
  "label": "CFG of String3Maxblock.java",
  "type": "Control Flow Graph (CFG)",
  "file": "String3Maxblock.java",
  "package": "",

  "nodes": [
    {
      "id": 0,
      "line": 5,
      "label": "int maxBlock(String str)"
    },
    {
      "id": 1,
      "line": 6,
      "label": "if (str.length() == 0)"
    },
    {
      "id": 2,
      "line": 7,
      "label": "return 0;"
    },
    {
      "id": 3,
      "line": 0,
      "label": "endif"
    },
    {
      "id": 4,
      "line": 9,
      "label": "int largest = 0"
    },
    {
      "id": 5,
      "line": 10,
      "label": "int current = 1"
    },
    {
      "id": 6,
      "line": 12,
      "label": "int i = 1"
    },
    {
      "id": 7,
      "line": 12,
      "label": "for (i < str.length())"
    },
    {
      "id": 8,
      "line": 12,
      "label": "i++"
    },
    {
      "id": 9,
      "line": 0,
      "label": "endfor"
    },
    {
      "id": 10,
      "line": 13,
      "label": "if (str.charAt(i) != str.charAt(i-1))"
    },
    {
      "id": 11,
      "line": 14,
      "label": "if (current > largest)"
    },
    {
      "id": 12,
      "line": 15,
      "label": "largest = current"
    },
    {
      "id": 13,
      "line": 0,
      "label": "endif"
    },
    {
      "id": 14,
      "line": 16,
      "label": "current = 1"
    },
    {
      "id": 15,
      "line": 0,
      "label": "endif"
    },
    {
      "id": 16,
      "line": 18,
      "label": "current++"
    },
    {
      "id": 17,
      "line": 22,
      "label": "return Math.max(largest, current);"
    }
  ],

  "edges": [
    {
      "id": 0,
      "source": 0,
      "target": 1,
      "label": ""
    },
    {
      "id": 1,
      "source": 1,
      "target": 2,
      "label": "True"
    },
    {
      "id": 2,
      "source": 1,
      "target": 3,
      "label": "False"
    },
    {
      "id": 3,
      "source": 3,
      "target": 4,
      "label": ""
    },
    {
      "id": 4,
      "source": 4,
      "target": 5,
      "label": ""
    },
    {
      "id": 5,
      "source": 5,
      "target": 6,
      "label": ""
    },
    {
      "id": 6,
      "source": 6,
      "target": 7,
      "label": ""
    },
    {
      "id": 7,
      "source": 7,
      "target": 9,
      "label": "False"
    },
    {
      "id": 8,
      "source": 7,
      "target": 10,
      "label": "True"
    },
    {
      "id": 9,
      "source": 10,
      "target": 11,
      "label": "True"
    },
    {
      "id": 10,
      "source": 11,
      "target": 12,
      "label": "True"
    },
    {
      "id": 11,
      "source": 12,
      "target": 13,
      "label": ""
    },
    {
      "id": 12,
      "source": 11,
      "target": 13,
      "label": "False"
    },
    {
      "id": 13,
      "source": 13,
      "target": 14,
      "label": ""
    },
    {
      "id": 14,
      "source": 14,
      "target": 15,
      "label": ""
    },
    {
      "id": 15,
      "source": 10,
      "target": 16,
      "label": "False"
    },
    {
      "id": 16,
      "source": 16,
      "target": 15,
      "label": ""
    },
    {
      "id": 17,
      "source": 15,
      "target": 8,
      "label": ""
    },
    {
      "id": 18,
      "source": 8,
      "target": 7,
      "label": ""
    },
    {
      "id": 19,
      "source": 9,
      "target": 17,
      "label": ""
    }
  ]
}
