{
  "directed": true,
  "multigraph": true,
  "label": "CFG of String2Zipzap.java",
  "type": "Control Flow Graph (CFG)",
  "file": "String2Zipzap.java",
  "package": "",

  "nodes": [
    {
      "id": 0,
      "line": 6,
      "label": "String zipZap(String str)"
    },
    {
      "id": 1,
      "line": 7,
      "label": "char[] arr = new char[str.length()]"
    },
    {
      "id": 2,
      "line": 8,
      "label": "int count = 0"
    },
    {
      "id": 3,
      "line": 10,
      "label": "int i = 0"
    },
    {
      "id": 4,
      "line": 11,
      "label": "while (i < str.length())"
    },
    {
      "id": 5,
      "line": 0,
      "label": "endwhile"
    },
    {
      "id": 6,
      "line": 12,
      "label": "if (i < str.length() - 2 && str.charAt(i) == 'z' && 
            str.charAt(i + 2) == 'p')"
    },
    {
      "id": 7,
      "line": 14,
      "label": "arr[count] = 'z'"
    },
    {
      "id": 8,
      "line": 15,
      "label": "count++"
    },
    {
      "id": 9,
      "line": 16,
      "label": "arr[count] = 'p'"
    },
    {
      "id": 10,
      "line": 17,
      "label": "count++"
    },
    {
      "id": 11,
      "line": 18,
      "label": "i += 3"
    },
    {
      "id": 12,
      "line": 0,
      "label": "endif"
    },
    {
      "id": 13,
      "line": 20,
      "label": "arr[count] = str.charAt(i)"
    },
    {
      "id": 14,
      "line": 21,
      "label": "count++"
    },
    {
      "id": 15,
      "line": 22,
      "label": "i++"
    },
    {
      "id": 16,
      "line": 26,
      "label": "return new String(arr, 0, count);"
    }
  ],

  "edges": [
    {
      "id": 0,
      "source": 0,
      "target": 1,
      "label": ""
    },
    {
      "id": 1,
      "source": 1,
      "target": 2,
      "label": ""
    },
    {
      "id": 2,
      "source": 2,
      "target": 3,
      "label": ""
    },
    {
      "id": 3,
      "source": 3,
      "target": 4,
      "label": ""
    },
    {
      "id": 4,
      "source": 4,
      "target": 5,
      "label": "False"
    },
    {
      "id": 5,
      "source": 4,
      "target": 6,
      "label": "True"
    },
    {
      "id": 6,
      "source": 6,
      "target": 7,
      "label": "True"
    },
    {
      "id": 7,
      "source": 7,
      "target": 8,
      "label": ""
    },
    {
      "id": 8,
      "source": 8,
      "target": 9,
      "label": ""
    },
    {
      "id": 9,
      "source": 9,
      "target": 10,
      "label": ""
    },
    {
      "id": 10,
      "source": 10,
      "target": 11,
      "label": ""
    },
    {
      "id": 11,
      "source": 11,
      "target": 12,
      "label": ""
    },
    {
      "id": 12,
      "source": 6,
      "target": 13,
      "label": "False"
    },
    {
      "id": 13,
      "source": 13,
      "target": 14,
      "label": ""
    },
    {
      "id": 14,
      "source": 14,
      "target": 15,
      "label": ""
    },
    {
      "id": 15,
      "source": 15,
      "target": 12,
      "label": ""
    },
    {
      "id": 16,
      "source": 12,
      "target": 4,
      "label": ""
    },
    {
      "id": 17,
      "source": 5,
      "target": 16,
      "label": ""
    }
  ]
}
