{
  "directed": true,
  "multigraph": true,
  "label": "CFG of String1Ntwice.java",
  "type": "Control Flow Graph (CFG)",
  "file": "String1Ntwice.java",
  "package": "",

  "nodes": [
    {
      "id": 0,
      "line": 5,
      "label": "String nTwice(String str, int n)"
    },
    {
      "id": 1,
      "line": 6,
      "label": "return str.substring(0, n) + str.substring(str.length() - n);"
    }
  ],

  "edges": [
    {
      "id": 0,
      "source": 0,
      "target": 1,
      "label": ""
    }
  ]
}
