{
  "directed": true,
  "multigraph": true,
  "label": "CFG of String1Withoutx.java",
  "type": "Control Flow Graph (CFG)",
  "file": "String1Withoutx.java",
  "package": "",

  "nodes": [
    {
      "id": 0,
      "line": 5,
      "label": "String withoutX(String str)"
    },
    {
      "id": 1,
      "line": 6,
      "label": "int begin = 0"
    },
    {
      "id": 2,
      "line": 7,
      "label": "int end = str.length()"
    },
    {
      "id": 3,
      "line": 9,
      "label": "if (str.length() > 0 && str.charAt(0) == 'x')"
    },
    {
      "id": 4,
      "line": 10,
      "label": "begin = 1"
    },
    {
      "id": 5,
      "line": 0,
      "label": "endif"
    },
    {
      "id": 6,
      "line": 12,
      "label": "if (str.length() > 1 && str.charAt(str.length() - 1) == 'x')"
    },
    {
      "id": 7,
      "line": 13,
      "label": "end--"
    },
    {
      "id": 8,
      "line": 0,
      "label": "endif"
    },
    {
      "id": 9,
      "line": 15,
      "label": "return str.substring(begin, end);"
    }
  ],

  "edges": [
    {
      "id": 0,
      "source": 0,
      "target": 1,
      "label": ""
    },
    {
      "id": 1,
      "source": 1,
      "target": 2,
      "label": ""
    },
    {
      "id": 2,
      "source": 2,
      "target": 3,
      "label": ""
    },
    {
      "id": 3,
      "source": 3,
      "target": 4,
      "label": "True"
    },
    {
      "id": 4,
      "source": 4,
      "target": 5,
      "label": ""
    },
    {
      "id": 5,
      "source": 3,
      "target": 5,
      "label": "False"
    },
    {
      "id": 6,
      "source": 5,
      "target": 6,
      "label": ""
    },
    {
      "id": 7,
      "source": 6,
      "target": 7,
      "label": "True"
    },
    {
      "id": 8,
      "source": 7,
      "target": 8,
      "label": ""
    },
    {
      "id": 9,
      "source": 6,
      "target": 8,
      "label": "False"
    },
    {
      "id": 10,
      "source": 8,
      "target": 9,
      "label": ""
    }
  ]
}
