{
  "directed": true,
  "multigraph": true,
  "label": "CFG of String1Firsttwo.java",
  "type": "Control Flow Graph (CFG)",
  "file": "String1Firsttwo.java",
  "package": "",

  "nodes": [
    {
      "id": 0,
      "line": 7,
      "label": "String firstTwo(String str)"
    },
    {
      "id": 1,
      "line": 8,
      "label": "if (str.length() < 2)"
    },
    {
      "id": 2,
      "line": 9,
      "label": "return str;"
    },
    {
      "id": 3,
      "line": 0,
      "label": "endif"
    },
    {
      "id": 4,
      "line": 11,
      "label": "return str.substring(0, 2);"
    }
  ],

  "edges": [
    {
      "id": 0,
      "source": 0,
      "target": 1,
      "label": ""
    },
    {
      "id": 1,
      "source": 1,
      "target": 2,
      "label": "True"
    },
    {
      "id": 2,
      "source": 1,
      "target": 3,
      "label": "False"
    },
    {
      "id": 3,
      "source": 3,
      "target": 4,
      "label": ""
    }
  ]
}
