{
  "directed": true,
  "multigraph": true,
  "label": "CFG of String1Frontagain.java",
  "type": "Control Flow Graph (CFG)",
  "file": "String1Frontagain.java",
  "package": "",

  "nodes": [
    {
      "id": 0,
      "line": 5,
      "label": "boolean frontAgain(String str)"
    },
    {
      "id": 1,
      "line": 6,
      "label": "if (str.length() < 2)"
    },
    {
      "id": 2,
      "line": 7,
      "label": "return false;"
    },
    {
      "id": 3,
      "line": 0,
      "label": "endif"
    },
    {
      "id": 4,
      "line": 8,
      "label": "return str.substring(0, 2).equals(str.substring(str.length() - 2));"
    }
  ],

  "edges": [
    {
      "id": 0,
      "source": 0,
      "target": 1,
      "label": ""
    },
    {
      "id": 1,
      "source": 1,
      "target": 2,
      "label": "True"
    },
    {
      "id": 2,
      "source": 1,
      "target": 3,
      "label": "False"
    },
    {
      "id": 3,
      "source": 3,
      "target": 4,
      "label": ""
    }
  ]
}
