{
  "directed": true,
  "multigraph": true,
  "label": "CFG of String1Concat.java",
  "type": "Control Flow Graph (CFG)",
  "file": "String1Concat.java",
  "package": "",

  "nodes": [
    {
      "id": 0,
      "line": 6,
      "label": "String conCat(String a, String b)"
    },
    {
      "id": 1,
      "line": 7,
      "label": "if (a.length() == 0 || b.length() == 0)"
    },
    {
      "id": 2,
      "line": 8,
      "label": "return a + b;"
    },
    {
      "id": 3,
      "line": 0,
      "label": "endif"
    },
    {
      "id": 4,
      "line": 10,
      "label": "if (a.charAt(a.length() - 1) == b.charAt(0))"
    },
    {
      "id": 5,
      "line": 11,
      "label": "return a + b.substring(1);"
    },
    {
      "id": 6,
      "line": 0,
      "label": "endif"
    },
    {
      "id": 7,
      "line": 13,
      "label": "return a + b;"
    }
  ],

  "edges": [
    {
      "id": 0,
      "source": 0,
      "target": 1,
      "label": ""
    },
    {
      "id": 1,
      "source": 1,
      "target": 2,
      "label": "True"
    },
    {
      "id": 2,
      "source": 1,
      "target": 3,
      "label": "False"
    },
    {
      "id": 3,
      "source": 3,
      "target": 4,
      "label": ""
    },
    {
      "id": 4,
      "source": 4,
      "target": 5,
      "label": "True"
    },
    {
      "id": 5,
      "source": 4,
      "target": 6,
      "label": "False"
    },
    {
      "id": 6,
      "source": 6,
      "target": 7,
      "label": ""
    }
  ]
}
