{
  "directed": true,
  "multigraph": true,
  "label": "CFG of String1Right2.java",
  "type": "Control Flow Graph (CFG)",
  "file": "String1Right2.java",
  "package": "",

  "nodes": [
    {
      "id": 0,
      "line": 5,
      "label": "String right2(String str)"
    },
    {
      "id": 1,
      "line": 6,
      "label": "return str.substring(str.length() - 2) + 
        str.substring(0, str.length() - 2);"
    }
  ],

  "edges": [
    {
      "id": 0,
      "source": 0,
      "target": 1,
      "label": ""
    }
  ]
}
