{
  "directed": true,
  "multigraph": true,
  "label": "CFG of String2Samestarchar.java",
  "type": "Control Flow Graph (CFG)",
  "file": "String2Samestarchar.java",
  "package": "",

  "nodes": [
    {
      "id": 0,
      "line": 5,
      "label": "boolean sameStarChar(String str)"
    },
    {
      "id": 1,
      "line": 6,
      "label": "int i = 1"
    },
    {
      "id": 2,
      "line": 6,
      "label": "for (i < str.length() - 1)"
    },
    {
      "id": 3,
      "line": 6,
      "label": "i++"
    },
    {
      "id": 4,
      "line": 0,
      "label": "endfor"
    },
    {
      "id": 5,
      "line": 7,
      "label": "if (str.charAt(i) == '*' && str.charAt(i - 1) != str.charAt(i + 1))"
    },
    {
      "id": 6,
      "line": 8,
      "label": "return false;"
    },
    {
      "id": 7,
      "line": 0,
      "label": "endif"
    },
    {
      "id": 8,
      "line": 11,
      "label": "return true;"
    }
  ],

  "edges": [
    {
      "id": 0,
      "source": 0,
      "target": 1,
      "label": ""
    },
    {
      "id": 1,
      "source": 1,
      "target": 2,
      "label": ""
    },
    {
      "id": 2,
      "source": 2,
      "target": 4,
      "label": "False"
    },
    {
      "id": 3,
      "source": 2,
      "target": 5,
      "label": "True"
    },
    {
      "id": 4,
      "source": 5,
      "target": 6,
      "label": "True"
    },
    {
      "id": 5,
      "source": 5,
      "target": 7,
      "label": "False"
    },
    {
      "id": 6,
      "source": 7,
      "target": 3,
      "label": ""
    },
    {
      "id": 7,
      "source": 3,
      "target": 2,
      "label": ""
    },
    {
      "id": 8,
      "source": 4,
      "target": 8,
      "label": ""
    }
  ]
}
