{
  "directed": true,
  "multigraph": true,
  "label": "CFG of String2Doublechar.java",
  "type": "Control Flow Graph (CFG)",
  "file": "String2Doublechar.java",
  "package": "",

  "nodes": [
    {
      "id": 0,
      "line": 5,
      "label": "String doubleChar(String str)"
    },
    {
      "id": 1,
      "line": 6,
      "label": "char[] arr = new char[2 * str.length()]"
    },
    {
      "id": 2,
      "line": 7,
      "label": "int count = 0"
    },
    {
      "id": 3,
      "line": 9,
      "label": "int i = 0"
    },
    {
      "id": 4,
      "line": 9,
      "label": "for (i < str.length())"
    },
    {
      "id": 5,
      "line": 9,
      "label": "i++"
    },
    {
      "id": 6,
      "line": 0,
      "label": "endfor"
    },
    {
      "id": 7,
      "line": 10,
      "label": "arr[count] = str.charAt(i)"
    },
    {
      "id": 8,
      "line": 11,
      "label": "count++"
    },
    {
      "id": 9,
      "line": 12,
      "label": "arr[count] = str.charAt(i)"
    },
    {
      "id": 10,
      "line": 13,
      "label": "count++"
    },
    {
      "id": 11,
      "line": 16,
      "label": "return new String(arr);"
    }
  ],

  "edges": [
    {
      "id": 0,
      "source": 0,
      "target": 1,
      "label": ""
    },
    {
      "id": 1,
      "source": 1,
      "target": 2,
      "label": ""
    },
    {
      "id": 2,
      "source": 2,
      "target": 3,
      "label": ""
    },
    {
      "id": 3,
      "source": 3,
      "target": 4,
      "label": ""
    },
    {
      "id": 4,
      "source": 4,
      "target": 6,
      "label": "False"
    },
    {
      "id": 5,
      "source": 4,
      "target": 7,
      "label": "True"
    },
    {
      "id": 6,
      "source": 7,
      "target": 8,
      "label": ""
    },
    {
      "id": 7,
      "source": 8,
      "target": 9,
      "label": ""
    },
    {
      "id": 8,
      "source": 9,
      "target": 10,
      "label": ""
    },
    {
      "id": 9,
      "source": 10,
      "target": 5,
      "label": ""
    },
    {
      "id": 10,
      "source": 5,
      "target": 4,
      "label": ""
    },
    {
      "id": 11,
      "source": 6,
      "target": 11,
      "label": ""
    }
  ]
}
