{
  "directed": true,
  "multigraph": true,
  "label": "CFG of String3Equalisnot.java",
  "type": "Control Flow Graph (CFG)",
  "file": "String3Equalisnot.java",
  "package": "",

  "nodes": [
    {
      "id": 0,
      "line": 6,
      "label": "boolean equalIsNot(String str)"
    },
    {
      "id": 1,
      "line": 7,
      "label": "int is = 0"
    },
    {
      "id": 2,
      "line": 8,
      "label": "int not = 0"
    },
    {
      "id": 3,
      "line": 10,
      "label": "int i = 0"
    },
    {
      "id": 4,
      "line": 10,
      "label": "for (i <= str.length() - 3)"
    },
    {
      "id": 5,
      "line": 10,
      "label": "i++"
    },
    {
      "id": 6,
      "line": 0,
      "label": "endfor"
    },
    {
      "id": 7,
      "line": 11,
      "label": "if (str.substring(i, i + 2).equals('is'))"
    },
    {
      "id": 8,
      "line": 12,
      "label": "is++"
    },
    {
      "id": 9,
      "line": 0,
      "label": "endif"
    },
    {
      "id": 10,
      "line": 13,
      "label": "if (str.substring(i, i + 3).equals('not'))"
    },
    {
      "id": 11,
      "line": 14,
      "label": "not++"
    },
    {
      "id": 12,
      "line": 0,
      "label": "endif"
    },
    {
      "id": 13,
      "line": 18,
      "label": "if (str.length() >= 2 && str.substring(str.length() - 2).equals('is'))"
    },
    {
      "id": 14,
      "line": 19,
      "label": "is++"
    },
    {
      "id": 15,
      "line": 0,
      "label": "endif"
    },
    {
      "id": 16,
      "line": 21,
      "label": "return is == not;"
    }
  ],

  "edges": [
    {
      "id": 0,
      "source": 0,
      "target": 1,
      "label": ""
    },
    {
      "id": 1,
      "source": 1,
      "target": 2,
      "label": ""
    },
    {
      "id": 2,
      "source": 2,
      "target": 3,
      "label": ""
    },
    {
      "id": 3,
      "source": 3,
      "target": 4,
      "label": ""
    },
    {
      "id": 4,
      "source": 4,
      "target": 6,
      "label": "False"
    },
    {
      "id": 5,
      "source": 4,
      "target": 7,
      "label": "True"
    },
    {
      "id": 6,
      "source": 7,
      "target": 8,
      "label": "True"
    },
    {
      "id": 7,
      "source": 8,
      "target": 9,
      "label": ""
    },
    {
      "id": 8,
      "source": 7,
      "target": 10,
      "label": "False"
    },
    {
      "id": 9,
      "source": 10,
      "target": 11,
      "label": "True"
    },
    {
      "id": 10,
      "source": 11,
      "target": 12,
      "label": ""
    },
    {
      "id": 11,
      "source": 10,
      "target": 12,
      "label": "False"
    },
    {
      "id": 12,
      "source": 12,
      "target": 9,
      "label": ""
    },
    {
      "id": 13,
      "source": 9,
      "target": 5,
      "label": ""
    },
    {
      "id": 14,
      "source": 5,
      "target": 4,
      "label": ""
    },
    {
      "id": 15,
      "source": 6,
      "target": 13,
      "label": ""
    },
    {
      "id": 16,
      "source": 13,
      "target": 14,
      "label": "True"
    },
    {
      "id": 17,
      "source": 14,
      "target": 15,
      "label": ""
    },
    {
      "id": 18,
      "source": 13,
      "target": 15,
      "label": "False"
    },
    {
      "id": 19,
      "source": 15,
      "target": 16,
      "label": ""
    }
  ]
}
