{
  "directed": true,
  "multigraph": true,
  "label": "CFG of String3Notreplace.java",
  "type": "Control Flow Graph (CFG)",
  "file": "String3Notreplace.java",
  "package": "",

  "nodes": [
    {
      "id": 0,
      "line": 7,
      "label": "String notReplace(String str)"
    },
    {
      "id": 1,
      "line": 8,
      "label": "if (str.equals('is'))"
    },
    {
      "id": 2,
      "line": 9,
      "label": "return 'is not';"
    },
    {
      "id": 3,
      "line": 0,
      "label": "endif"
    },
    {
      "id": 4,
      "line": 11,
      "label": "StringBuilder result = new StringBuilder()"
    },
    {
      "id": 5,
      "line": 12,
      "label": "int i = 0"
    },
    {
      "id": 6,
      "line": 14,
      "label": "if (str.length() >= 3 && str.substring(0,2).equals('is') &&
        !Character.isLetter(str.charAt(2)))"
    },
    {
      "id": 7,
      "line": 16,
      "label": "result.append('is not')"
    },
    {
      "id": 8,
      "line": 17,
      "label": "i = 2"
    },
    {
      "id": 9,
      "line": 0,
      "label": "endif"
    },
    {
      "id": 10,
      "line": 20,
      "label": "while (i < str.length())"
    },
    {
      "id": 11,
      "line": 0,
      "label": "endwhile"
    },
    {
      "id": 12,
      "line": 21,
      "label": "if (!Character.isLetter(str.charAt(i)))"
    },
    {
      "id": 13,
      "line": 22,
      "label": "result.append(str.charAt(i))"
    },
    {
      "id": 14,
      "line": 23,
      "label": "i++"
    },
    {
      "id": 15,
      "line": 0,
      "label": "endif"
    },
    {
      "id": 16,
      "line": 24,
      "label": "if (i >= 1 && i <= str.length()-3 && 
            !Character.isLetter(str.charAt(i-1)) &&
            str.substring(i,i+2).equals('is') &&
            !Character.isLetter(str.charAt(i+2)))"
    },
    {
      "id": 17,
      "line": 28,
      "label": "result.append('is not')"
    },
    {
      "id": 18,
      "line": 29,
      "label": "i += 2"
    },
    {
      "id": 19,
      "line": 0,
      "label": "endif"
    },
    {
      "id": 20,
      "line": 30,
      "label": "if (i >= 1 && !Character.isLetter(str.charAt(i-1)) &&
            str.substring(i).equals('is'))"
    },
    {
      "id": 21,
      "line": 32,
      "label": "result.append('is not')"
    },
    {
      "id": 22,
      "line": 33,
      "label": "i += 2"
    },
    {
      "id": 23,
      "line": 0,
      "label": "endif"
    },
    {
      "id": 24,
      "line": 35,
      "label": "result.append(str.charAt(i))"
    },
    {
      "id": 25,
      "line": 36,
      "label": "i++"
    },
    {
      "id": 26,
      "line": 40,
      "label": "return result.toString();"
    }
  ],

  "edges": [
    {
      "id": 0,
      "source": 0,
      "target": 1,
      "label": ""
    },
    {
      "id": 1,
      "source": 1,
      "target": 2,
      "label": "True"
    },
    {
      "id": 2,
      "source": 1,
      "target": 3,
      "label": "False"
    },
    {
      "id": 3,
      "source": 3,
      "target": 4,
      "label": ""
    },
    {
      "id": 4,
      "source": 4,
      "target": 5,
      "label": ""
    },
    {
      "id": 5,
      "source": 5,
      "target": 6,
      "label": ""
    },
    {
      "id": 6,
      "source": 6,
      "target": 7,
      "label": "True"
    },
    {
      "id": 7,
      "source": 7,
      "target": 8,
      "label": ""
    },
    {
      "id": 8,
      "source": 8,
      "target": 9,
      "label": ""
    },
    {
      "id": 9,
      "source": 6,
      "target": 9,
      "label": "False"
    },
    {
      "id": 10,
      "source": 9,
      "target": 10,
      "label": ""
    },
    {
      "id": 11,
      "source": 10,
      "target": 11,
      "label": "False"
    },
    {
      "id": 12,
      "source": 10,
      "target": 12,
      "label": "True"
    },
    {
      "id": 13,
      "source": 12,
      "target": 13,
      "label": "True"
    },
    {
      "id": 14,
      "source": 13,
      "target": 14,
      "label": ""
    },
    {
      "id": 15,
      "source": 14,
      "target": 15,
      "label": ""
    },
    {
      "id": 16,
      "source": 12,
      "target": 16,
      "label": "False"
    },
    {
      "id": 17,
      "source": 16,
      "target": 17,
      "label": "True"
    },
    {
      "id": 18,
      "source": 17,
      "target": 18,
      "label": ""
    },
    {
      "id": 19,
      "source": 18,
      "target": 19,
      "label": ""
    },
    {
      "id": 20,
      "source": 16,
      "target": 20,
      "label": "False"
    },
    {
      "id": 21,
      "source": 20,
      "target": 21,
      "label": "True"
    },
    {
      "id": 22,
      "source": 21,
      "target": 22,
      "label": ""
    },
    {
      "id": 23,
      "source": 22,
      "target": 23,
      "label": ""
    },
    {
      "id": 24,
      "source": 20,
      "target": 24,
      "label": "False"
    },
    {
      "id": 25,
      "source": 24,
      "target": 25,
      "label": ""
    },
    {
      "id": 26,
      "source": 25,
      "target": 23,
      "label": ""
    },
    {
      "id": 27,
      "source": 23,
      "target": 19,
      "label": ""
    },
    {
      "id": 28,
      "source": 19,
      "target": 15,
      "label": ""
    },
    {
      "id": 29,
      "source": 15,
      "target": 10,
      "label": ""
    },
    {
      "id": 30,
      "source": 11,
      "target": 26,
      "label": ""
    }
  ]
}
