{
  "directed": true,
  "multigraph": true,
  "label": "CFG of String3Mirrorends.java",
  "type": "Control Flow Graph (CFG)",
  "file": "String3Mirrorends.java",
  "package": "",

  "nodes": [
    {
      "id": 0,
      "line": 8,
      "label": "String mirrorEnds(String string)"
    },
    {
      "id": 1,
      "line": 9,
      "label": "StringBuilder result = new StringBuilder()"
    },
    {
      "id": 2,
      "line": 11,
      "label": "int i = 0"
    },
    {
      "id": 3,
      "line": 11,
      "label": "for (i < string.length())"
    },
    {
      "id": 4,
      "line": 11,
      "label": "i++"
    },
    {
      "id": 5,
      "line": 0,
      "label": "endfor"
    },
    {
      "id": 6,
      "line": 12,
      "label": "if (string.charAt(i) == string.charAt(string.length() - i - 1))"
    },
    {
      "id": 7,
      "line": 13,
      "label": "result.append(string.charAt(i))"
    },
    {
      "id": 8,
      "line": 0,
      "label": "endif"
    },
    {
      "id": 9,
      "line": 15,
      "label": "break;"
    },
    {
      "id": 10,
      "line": 18,
      "label": "return result.toString();"
    }
  ],

  "edges": [
    {
      "id": 0,
      "source": 0,
      "target": 1,
      "label": ""
    },
    {
      "id": 1,
      "source": 1,
      "target": 2,
      "label": ""
    },
    {
      "id": 2,
      "source": 2,
      "target": 3,
      "label": ""
    },
    {
      "id": 3,
      "source": 3,
      "target": 5,
      "label": "False"
    },
    {
      "id": 4,
      "source": 3,
      "target": 6,
      "label": "True"
    },
    {
      "id": 5,
      "source": 6,
      "target": 7,
      "label": "True"
    },
    {
      "id": 6,
      "source": 7,
      "target": 8,
      "label": ""
    },
    {
      "id": 7,
      "source": 6,
      "target": 9,
      "label": "False"
    },
    {
      "id": 8,
      "source": 9,
      "target": 5,
      "label": ""
    },
    {
      "id": 9,
      "source": 8,
      "target": 4,
      "label": ""
    },
    {
      "id": 10,
      "source": 4,
      "target": 3,
      "label": ""
    },
    {
      "id": 11,
      "source": 5,
      "target": 10,
      "label": ""
    }
  ]
}
