{
  "directed": true,
  "multigraph": true,
  "label": "CFG of String1Extrafront.java",
  "type": "Control Flow Graph (CFG)",
  "file": "String1Extrafront.java",
  "package": "",

  "nodes": [
    {
      "id": 0,
      "line": 6,
      "label": "String extraFront(String str)"
    },
    {
      "id": 1,
      "line": 7,
      "label": "if (str.length() >= 2)"
    },
    {
      "id": 2,
      "line": 8,
      "label": "str = str.substring(0, 2)"
    },
    {
      "id": 3,
      "line": 0,
      "label": "endif"
    },
    {
      "id": 4,
      "line": 10,
      "label": "return str + str + str;"
    }
  ],

  "edges": [
    {
      "id": 0,
      "source": 0,
      "target": 1,
      "label": ""
    },
    {
      "id": 1,
      "source": 1,
      "target": 2,
      "label": "True"
    },
    {
      "id": 2,
      "source": 2,
      "target": 3,
      "label": ""
    },
    {
      "id": 3,
      "source": 1,
      "target": 3,
      "label": "False"
    },
    {
      "id": 4,
      "source": 3,
      "target": 4,
      "label": ""
    }
  ]
}
