{
  "directed": true,
  "multigraph": true,
  "label": "CFG of String3Ghappy.java",
  "type": "Control Flow Graph (CFG)",
  "file": "String3Ghappy.java",
  "package": "",

  "nodes": [
    {
      "id": 0,
      "line": 6,
      "label": "boolean gHappy(String str)"
    },
    {
      "id": 1,
      "line": 7,
      "label": "if (str.length() == 1 && str.charAt(0) == 'g')"
    },
    {
      "id": 2,
      "line": 8,
      "label": "return false;"
    },
    {
      "id": 3,
      "line": 0,
      "label": "endif"
    },
    {
      "id": 4,
      "line": 10,
      "label": "if (str.length() >= 2 &&
        (str.charAt(0) == 'g' && str.charAt(1) != 'g' ||
        str.charAt(str.length()-1) == 'g' && 
        str.charAt(str.length()-2) != 'g'))"
    },
    {
      "id": 5,
      "line": 14,
      "label": "return false;"
    },
    {
      "id": 6,
      "line": 0,
      "label": "endif"
    },
    {
      "id": 7,
      "line": 16,
      "label": "int i = 1"
    },
    {
      "id": 8,
      "line": 16,
      "label": "for (i <= str.length() - 2)"
    },
    {
      "id": 9,
      "line": 16,
      "label": "i++"
    },
    {
      "id": 10,
      "line": 0,
      "label": "endfor"
    },
    {
      "id": 11,
      "line": 17,
      "label": "if (str.charAt(i) == 'g' && str.charAt(i-1) != 'g' && 
            str.charAt(i+1) != 'g')"
    },
    {
      "id": 12,
      "line": 19,
      "label": "return false;"
    },
    {
      "id": 13,
      "line": 0,
      "label": "endif"
    },
    {
      "id": 14,
      "line": 22,
      "label": "return true;"
    }
  ],

  "edges": [
    {
      "id": 0,
      "source": 0,
      "target": 1,
      "label": ""
    },
    {
      "id": 1,
      "source": 1,
      "target": 2,
      "label": "True"
    },
    {
      "id": 2,
      "source": 1,
      "target": 3,
      "label": "False"
    },
    {
      "id": 3,
      "source": 3,
      "target": 4,
      "label": ""
    },
    {
      "id": 4,
      "source": 4,
      "target": 5,
      "label": "True"
    },
    {
      "id": 5,
      "source": 4,
      "target": 6,
      "label": "False"
    },
    {
      "id": 6,
      "source": 6,
      "target": 7,
      "label": ""
    },
    {
      "id": 7,
      "source": 7,
      "target": 8,
      "label": ""
    },
    {
      "id": 8,
      "source": 8,
      "target": 10,
      "label": "False"
    },
    {
      "id": 9,
      "source": 8,
      "target": 11,
      "label": "True"
    },
    {
      "id": 10,
      "source": 11,
      "target": 12,
      "label": "True"
    },
    {
      "id": 11,
      "source": 11,
      "target": 13,
      "label": "False"
    },
    {
      "id": 12,
      "source": 13,
      "target": 9,
      "label": ""
    },
    {
      "id": 13,
      "source": 9,
      "target": 8,
      "label": ""
    },
    {
      "id": 14,
      "source": 10,
      "target": 14,
      "label": ""
    }
  ]
}
