{
  "directed": true,
  "multigraph": true,
  "label": "CFG of String2Mixstring.java",
  "type": "Control Flow Graph (CFG)",
  "file": "String2Mixstring.java",
  "package": "",

  "nodes": [
    {
      "id": 0,
      "line": 6,
      "label": "String mixString(String a, String b)"
    },
    {
      "id": 1,
      "line": 7,
      "label": "char[] arr"
    },
    {
      "id": 2,
      "line": 8,
      "label": "String end"
    },
    {
      "id": 3,
      "line": 9,
      "label": "int count = 0"
    },
    {
      "id": 4,
      "line": 11,
      "label": "if (a.length() < b.length())"
    },
    {
      "id": 5,
      "line": 12,
      "label": "arr = new char[2 * a.length()]"
    },
    {
      "id": 6,
      "line": 13,
      "label": "end = b.substring(a.length())"
    },
    {
      "id": 7,
      "line": 0,
      "label": "endif"
    },
    {
      "id": 8,
      "line": 15,
      "label": "arr = new char[2 * b.length()]"
    },
    {
      "id": 9,
      "line": 16,
      "label": "end = a.substring(b.length())"
    },
    {
      "id": 10,
      "line": 19,
      "label": "int i = 0"
    },
    {
      "id": 11,
      "line": 19,
      "label": "for (i < arr.length / 2)"
    },
    {
      "id": 12,
      "line": 19,
      "label": "i++"
    },
    {
      "id": 13,
      "line": 0,
      "label": "endfor"
    },
    {
      "id": 14,
      "line": 20,
      "label": "arr[count] = a.charAt(i)"
    },
    {
      "id": 15,
      "line": 21,
      "label": "count++"
    },
    {
      "id": 16,
      "line": 22,
      "label": "arr[count] = b.charAt(i)"
    },
    {
      "id": 17,
      "line": 23,
      "label": "count++"
    },
    {
      "id": 18,
      "line": 26,
      "label": "return new String(arr) + end;"
    }
  ],

  "edges": [
    {
      "id": 0,
      "source": 0,
      "target": 1,
      "label": ""
    },
    {
      "id": 1,
      "source": 1,
      "target": 2,
      "label": ""
    },
    {
      "id": 2,
      "source": 2,
      "target": 3,
      "label": ""
    },
    {
      "id": 3,
      "source": 3,
      "target": 4,
      "label": ""
    },
    {
      "id": 4,
      "source": 4,
      "target": 5,
      "label": "True"
    },
    {
      "id": 5,
      "source": 5,
      "target": 6,
      "label": ""
    },
    {
      "id": 6,
      "source": 6,
      "target": 7,
      "label": ""
    },
    {
      "id": 7,
      "source": 4,
      "target": 8,
      "label": "False"
    },
    {
      "id": 8,
      "source": 8,
      "target": 9,
      "label": ""
    },
    {
      "id": 9,
      "source": 9,
      "target": 7,
      "label": ""
    },
    {
      "id": 10,
      "source": 7,
      "target": 10,
      "label": ""
    },
    {
      "id": 11,
      "source": 10,
      "target": 11,
      "label": ""
    },
    {
      "id": 12,
      "source": 11,
      "target": 13,
      "label": "False"
    },
    {
      "id": 13,
      "source": 11,
      "target": 14,
      "label": "True"
    },
    {
      "id": 14,
      "source": 14,
      "target": 15,
      "label": ""
    },
    {
      "id": 15,
      "source": 15,
      "target": 16,
      "label": ""
    },
    {
      "id": 16,
      "source": 16,
      "target": 17,
      "label": ""
    },
    {
      "id": 17,
      "source": 17,
      "target": 12,
      "label": ""
    },
    {
      "id": 18,
      "source": 12,
      "target": 11,
      "label": ""
    },
    {
      "id": 19,
      "source": 13,
      "target": 18,
      "label": ""
    }
  ]
}
