{
  "directed": true,
  "multigraph": true,
  "label": "CFG of String1Theend.java",
  "type": "Control Flow Graph (CFG)",
  "file": "String1Theend.java",
  "package": "",

  "nodes": [
    {
      "id": 0,
      "line": 6,
      "label": "String theEnd(String str, boolean front)"
    },
    {
      "id": 1,
      "line": 7,
      "label": "if (front)"
    },
    {
      "id": 2,
      "line": 8,
      "label": "return str.substring(0,1);"
    },
    {
      "id": 3,
      "line": 0,
      "label": "endif"
    },
    {
      "id": 4,
      "line": 10,
      "label": "return str.substring(str.length() - 1);"
    }
  ],

  "edges": [
    {
      "id": 0,
      "source": 0,
      "target": 1,
      "label": ""
    },
    {
      "id": 1,
      "source": 1,
      "target": 2,
      "label": "True"
    },
    {
      "id": 2,
      "source": 1,
      "target": 3,
      "label": "False"
    },
    {
      "id": 3,
      "source": 3,
      "target": 4,
      "label": ""
    }
  ]
}
