{
  "directed": true,
  "multigraph": true,
  "label": "CFG of String2Repeatseparator.java",
  "type": "Control Flow Graph (CFG)",
  "file": "String2Repeatseparator.java",
  "package": "",

  "nodes": [
    {
      "id": 0,
      "line": 5,
      "label": "String repeatSeparator(String word, String sep, int count)"
    },
    {
      "id": 1,
      "line": 6,
      "label": "if (count == 0)"
    },
    {
      "id": 2,
      "line": 7,
      "label": "return '';"
    },
    {
      "id": 3,
      "line": 0,
      "label": "endif"
    },
    {
      "id": 4,
      "line": 9,
      "label": "StringBuffer result = new StringBuffer()"
    },
    {
      "id": 5,
      "line": 11,
      "label": "int i = 0"
    },
    {
      "id": 6,
      "line": 11,
      "label": "for (i < count - 1)"
    },
    {
      "id": 7,
      "line": 11,
      "label": "i++"
    },
    {
      "id": 8,
      "line": 0,
      "label": "endfor"
    },
    {
      "id": 9,
      "line": 12,
      "label": "result.append(word)"
    },
    {
      "id": 10,
      "line": 13,
      "label": "result.append(sep)"
    },
    {
      "id": 11,
      "line": 16,
      "label": "return result.append(word).toString();"
    }
  ],

  "edges": [
    {
      "id": 0,
      "source": 0,
      "target": 1,
      "label": ""
    },
    {
      "id": 1,
      "source": 1,
      "target": 2,
      "label": "True"
    },
    {
      "id": 2,
      "source": 1,
      "target": 3,
      "label": "False"
    },
    {
      "id": 3,
      "source": 3,
      "target": 4,
      "label": ""
    },
    {
      "id": 4,
      "source": 4,
      "target": 5,
      "label": ""
    },
    {
      "id": 5,
      "source": 5,
      "target": 6,
      "label": ""
    },
    {
      "id": 6,
      "source": 6,
      "target": 8,
      "label": "False"
    },
    {
      "id": 7,
      "source": 6,
      "target": 9,
      "label": "True"
    },
    {
      "id": 8,
      "source": 9,
      "target": 10,
      "label": ""
    },
    {
      "id": 9,
      "source": 10,
      "target": 7,
      "label": ""
    },
    {
      "id": 10,
      "source": 7,
      "target": 6,
      "label": ""
    },
    {
      "id": 11,
      "source": 8,
      "target": 11,
      "label": ""
    }
  ]
}
