{
  "directed": true,
  "multigraph": true,
  "label": "CFG of String2Getsandwich.java",
  "type": "Control Flow Graph (CFG)",
  "file": "String2Getsandwich.java",
  "package": "",

  "nodes": [
    {
      "id": 0,
      "line": 7,
      "label": "String getSandwich(String str)"
    },
    {
      "id": 1,
      "line": 8,
      "label": "int first = -1"
    },
    {
      "id": 2,
      "line": 9,
      "label": "int last = -1"
    },
    {
      "id": 3,
      "line": 11,
      "label": "int i = 0"
    },
    {
      "id": 4,
      "line": 11,
      "label": "for (i < str.length() - 5)"
    },
    {
      "id": 5,
      "line": 11,
      "label": "i++"
    },
    {
      "id": 6,
      "line": 0,
      "label": "endfor"
    },
    {
      "id": 7,
      "line": 12,
      "label": "if (str.substring(i, i + 5).equals('bread'))"
    },
    {
      "id": 8,
      "line": 13,
      "label": "first = i"
    },
    {
      "id": 9,
      "line": 14,
      "label": "break;"
    },
    {
      "id": 10,
      "line": 0,
      "label": "endif"
    },
    {
      "id": 11,
      "line": 18,
      "label": "int i = str.length() - 5"
    },
    {
      "id": 12,
      "line": 18,
      "label": "for (i >= 0)"
    },
    {
      "id": 13,
      "line": 18,
      "label": "i--"
    },
    {
      "id": 14,
      "line": 0,
      "label": "endfor"
    },
    {
      "id": 15,
      "line": 19,
      "label": "if (str.substring(i, i + 5).equals('bread'))"
    },
    {
      "id": 16,
      "line": 20,
      "label": "last = i"
    },
    {
      "id": 17,
      "line": 21,
      "label": "break;"
    },
    {
      "id": 18,
      "line": 0,
      "label": "endif"
    },
    {
      "id": 19,
      "line": 25,
      "label": "if (first != -1 && last != -1 && first != last)"
    },
    {
      "id": 20,
      "line": 26,
      "label": "return str.substring(first + 5, last);"
    },
    {
      "id": 21,
      "line": 0,
      "label": "endif"
    },
    {
      "id": 22,
      "line": 28,
      "label": "return '';"
    }
  ],

  "edges": [
    {
      "id": 0,
      "source": 0,
      "target": 1,
      "label": ""
    },
    {
      "id": 1,
      "source": 1,
      "target": 2,
      "label": ""
    },
    {
      "id": 2,
      "source": 2,
      "target": 3,
      "label": ""
    },
    {
      "id": 3,
      "source": 3,
      "target": 4,
      "label": ""
    },
    {
      "id": 4,
      "source": 4,
      "target": 6,
      "label": "False"
    },
    {
      "id": 5,
      "source": 4,
      "target": 7,
      "label": "True"
    },
    {
      "id": 6,
      "source": 7,
      "target": 8,
      "label": "True"
    },
    {
      "id": 7,
      "source": 8,
      "target": 9,
      "label": ""
    },
    {
      "id": 8,
      "source": 9,
      "target": 6,
      "label": ""
    },
    {
      "id": 9,
      "source": 7,
      "target": 10,
      "label": "False"
    },
    {
      "id": 10,
      "source": 10,
      "target": 5,
      "label": ""
    },
    {
      "id": 11,
      "source": 5,
      "target": 4,
      "label": ""
    },
    {
      "id": 12,
      "source": 6,
      "target": 11,
      "label": ""
    },
    {
      "id": 13,
      "source": 11,
      "target": 12,
      "label": ""
    },
    {
      "id": 14,
      "source": 12,
      "target": 14,
      "label": "False"
    },
    {
      "id": 15,
      "source": 12,
      "target": 15,
      "label": "True"
    },
    {
      "id": 16,
      "source": 15,
      "target": 16,
      "label": "True"
    },
    {
      "id": 17,
      "source": 16,
      "target": 17,
      "label": ""
    },
    {
      "id": 18,
      "source": 17,
      "target": 14,
      "label": ""
    },
    {
      "id": 19,
      "source": 15,
      "target": 18,
      "label": "False"
    },
    {
      "id": 20,
      "source": 18,
      "target": 13,
      "label": ""
    },
    {
      "id": 21,
      "source": 13,
      "target": 12,
      "label": ""
    },
    {
      "id": 22,
      "source": 14,
      "target": 19,
      "label": ""
    },
    {
      "id": 23,
      "source": 19,
      "target": 20,
      "label": "True"
    },
    {
      "id": 24,
      "source": 19,
      "target": 21,
      "label": "False"
    },
    {
      "id": 25,
      "source": 21,
      "target": 22,
      "label": ""
    }
  ]
}
