{
  "directed": true,
  "multigraph": true,
  "label": "CFG of Warmup1Notstring.java",
  "type": "Control Flow Graph (CFG)",
  "file": "Warmup1Notstring.java",
  "package": "",

  "nodes": [
    {
      "id": 0,
      "line": 6,
      "label": "String notString(String str)"
    },
    {
      "id": 1,
      "line": 7,
      "label": "if (str.length() >= 3 && str.substring(0, 3).equals('not'))"
    },
    {
      "id": 2,
      "line": 8,
      "label": "return str;"
    },
    {
      "id": 3,
      "line": 0,
      "label": "endif"
    },
    {
      "id": 4,
      "line": 10,
      "label": "return 'not ' + str;"
    }
  ],

  "edges": [
    {
      "id": 0,
      "source": 0,
      "target": 1,
      "label": ""
    },
    {
      "id": 1,
      "source": 1,
      "target": 2,
      "label": "True"
    },
    {
      "id": 2,
      "source": 1,
      "target": 3,
      "label": "False"
    },
    {
      "id": 3,
      "source": 3,
      "target": 4,
      "label": ""
    }
  ]
}
