{
  "directed": true,
  "multigraph": true,
  "label": "CFG of Warmup2Stringx.java",
  "type": "Control Flow Graph (CFG)",
  "file": "Warmup2Stringx.java",
  "package": "",

  "nodes": [
    {
      "id": 0,
      "line": 5,
      "label": "String stringX(String str)"
    },
    {
      "id": 1,
      "line": 6,
      "label": "if (str.length() < 2)"
    },
    {
      "id": 2,
      "line": 7,
      "label": "return str;"
    },
    {
      "id": 3,
      "line": 0,
      "label": "endif"
    },
    {
      "id": 4,
      "line": 9,
      "label": "char[] result = new char[str.length()]"
    },
    {
      "id": 5,
      "line": 10,
      "label": "result[0] = str.charAt(0)"
    },
    {
      "id": 6,
      "line": 12,
      "label": "int count = 1"
    },
    {
      "id": 7,
      "line": 13,
      "label": "int i = 1"
    },
    {
      "id": 8,
      "line": 13,
      "label": "for (i < str.length() - 1)"
    },
    {
      "id": 9,
      "line": 13,
      "label": "i++"
    },
    {
      "id": 10,
      "line": 0,
      "label": "endfor"
    },
    {
      "id": 11,
      "line": 14,
      "label": "if (str.charAt(i) != 'x')"
    },
    {
      "id": 12,
      "line": 15,
      "label": "result[count] = str.charAt(i)"
    },
    {
      "id": 13,
      "line": 16,
      "label": "count++"
    },
    {
      "id": 14,
      "line": 0,
      "label": "endif"
    },
    {
      "id": 15,
      "line": 20,
      "label": "result[count] = str.charAt(str.length() - 1)"
    },
    {
      "id": 16,
      "line": 21,
      "label": "count++"
    },
    {
      "id": 17,
      "line": 22,
      "label": "return new String(result, 0, count);"
    }
  ],

  "edges": [
    {
      "id": 0,
      "source": 0,
      "target": 1,
      "label": ""
    },
    {
      "id": 1,
      "source": 1,
      "target": 2,
      "label": "True"
    },
    {
      "id": 2,
      "source": 1,
      "target": 3,
      "label": "False"
    },
    {
      "id": 3,
      "source": 3,
      "target": 4,
      "label": ""
    },
    {
      "id": 4,
      "source": 4,
      "target": 5,
      "label": ""
    },
    {
      "id": 5,
      "source": 5,
      "target": 6,
      "label": ""
    },
    {
      "id": 6,
      "source": 6,
      "target": 7,
      "label": ""
    },
    {
      "id": 7,
      "source": 7,
      "target": 8,
      "label": ""
    },
    {
      "id": 8,
      "source": 8,
      "target": 10,
      "label": "False"
    },
    {
      "id": 9,
      "source": 8,
      "target": 11,
      "label": "True"
    },
    {
      "id": 10,
      "source": 11,
      "target": 12,
      "label": "True"
    },
    {
      "id": 11,
      "source": 12,
      "target": 13,
      "label": ""
    },
    {
      "id": 12,
      "source": 13,
      "target": 14,
      "label": ""
    },
    {
      "id": 13,
      "source": 11,
      "target": 14,
      "label": "False"
    },
    {
      "id": 14,
      "source": 14,
      "target": 9,
      "label": ""
    },
    {
      "id": 15,
      "source": 9,
      "target": 8,
      "label": ""
    },
    {
      "id": 16,
      "source": 10,
      "target": 15,
      "label": ""
    },
    {
      "id": 17,
      "source": 15,
      "target": 16,
      "label": ""
    },
    {
      "id": 18,
      "source": 16,
      "target": 17,
      "label": ""
    }
  ]
}
