{
  "directed": true,
  "multigraph": true,
  "label": "CFG of Warmup1Monkeytrouble.java",
  "type": "Control Flow Graph (CFG)",
  "file": "Warmup1Monkeytrouble.java",
  "package": "",

  "nodes": [
    {
      "id": 0,
      "line": 6,
      "label": "boolean monkeyTrouble(boolean aSmile, boolean bSmile)"
    },
    {
      "id": 1,
      "line": 7,
      "label": "return aSmile == bSmile;"
    }
  ],

  "edges": [
    {
      "id": 0,
      "source": 0,
      "target": 1,
      "label": ""
    }
  ]
}
