{
  "directed": true,
  "multigraph": true,
  "label": "CFG of Warmup2Has271.java",
  "type": "Control Flow Graph (CFG)",
  "file": "Warmup2Has271.java",
  "package": "",

  "nodes": [
    {
      "id": 0,
      "line": 7,
      "label": "boolean has271(int[] nums)"
    },
    {
      "id": 1,
      "line": 8,
      "label": "int i = 0"
    },
    {
      "id": 2,
      "line": 8,
      "label": "for (i < nums.length - 2)"
    },
    {
      "id": 3,
      "line": 8,
      "label": "i++"
    },
    {
      "id": 4,
      "line": 0,
      "label": "endfor"
    },
    {
      "id": 5,
      "line": 9,
      "label": "if ((nums[i+1] == nums[i] + 5) && 
            (Math.abs(nums[i+2] - (nums[i] - 1)) <= 2))"
    },
    {
      "id": 6,
      "line": 11,
      "label": "return true;"
    },
    {
      "id": 7,
      "line": 0,
      "label": "endif"
    },
    {
      "id": 8,
      "line": 14,
      "label": "return false;"
    }
  ],

  "edges": [
    {
      "id": 0,
      "source": 0,
      "target": 1,
      "label": ""
    },
    {
      "id": 1,
      "source": 1,
      "target": 2,
      "label": ""
    },
    {
      "id": 2,
      "source": 2,
      "target": 4,
      "label": "False"
    },
    {
      "id": 3,
      "source": 2,
      "target": 5,
      "label": "True"
    },
    {
      "id": 4,
      "source": 5,
      "target": 6,
      "label": "True"
    },
    {
      "id": 5,
      "source": 5,
      "target": 7,
      "label": "False"
    },
    {
      "id": 6,
      "source": 7,
      "target": 3,
      "label": ""
    },
    {
      "id": 7,
      "source": 3,
      "target": 2,
      "label": ""
    },
    {
      "id": 8,
      "source": 4,
      "target": 8,
      "label": ""
    }
  ]
}
