{
  "directed": true,
  "multigraph": true,
  "label": "CFG of Warmup2Stringbits.java",
  "type": "Control Flow Graph (CFG)",
  "file": "Warmup2Stringbits.java",
  "package": "",

  "nodes": [
    {
      "id": 0,
      "line": 5,
      "label": "String stringBits(String str)"
    },
    {
      "id": 1,
      "line": 6,
      "label": "int size = (int) Math.ceil((double) str.length() / 2)"
    },
    {
      "id": 2,
      "line": 7,
      "label": "char[] result = new char[size]"
    },
    {
      "id": 3,
      "line": 9,
      "label": "int index = 0"
    },
    {
      "id": 4,
      "line": 10,
      "label": "int i = 0"
    },
    {
      "id": 5,
      "line": 10,
      "label": "for (i < str.length())"
    },
    {
      "id": 6,
      "line": 10,
      "label": "i += 2"
    },
    {
      "id": 7,
      "line": 0,
      "label": "endfor"
    },
    {
      "id": 8,
      "line": 11,
      "label": "result[index] = str.charAt(i)"
    },
    {
      "id": 9,
      "line": 12,
      "label": "index++"
    },
    {
      "id": 10,
      "line": 15,
      "label": "return new String(result);"
    }
  ],

  "edges": [
    {
      "id": 0,
      "source": 0,
      "target": 1,
      "label": ""
    },
    {
      "id": 1,
      "source": 1,
      "target": 2,
      "label": ""
    },
    {
      "id": 2,
      "source": 2,
      "target": 3,
      "label": ""
    },
    {
      "id": 3,
      "source": 3,
      "target": 4,
      "label": ""
    },
    {
      "id": 4,
      "source": 4,
      "target": 5,
      "label": ""
    },
    {
      "id": 5,
      "source": 5,
      "target": 7,
      "label": "False"
    },
    {
      "id": 6,
      "source": 5,
      "target": 8,
      "label": "True"
    },
    {
      "id": 7,
      "source": 8,
      "target": 9,
      "label": ""
    },
    {
      "id": 8,
      "source": 9,
      "target": 6,
      "label": ""
    },
    {
      "id": 9,
      "source": 6,
      "target": 5,
      "label": ""
    },
    {
      "id": 10,
      "source": 7,
      "target": 10,
      "label": ""
    }
  ]
}
