{
  "directed": true,
  "multigraph": true,
  "label": "CFG of Warmup1Stringe.java",
  "type": "Control Flow Graph (CFG)",
  "file": "Warmup1Stringe.java",
  "package": "",

  "nodes": [
    {
      "id": 0,
      "line": 4,
      "label": "boolean stringE(String str)"
    },
    {
      "id": 1,
      "line": 5,
      "label": "int num = 0"
    },
    {
      "id": 2,
      "line": 6,
      "label": "int i = 0"
    },
    {
      "id": 3,
      "line": 6,
      "label": "for (i < str.length())"
    },
    {
      "id": 4,
      "line": 6,
      "label": "i++"
    },
    {
      "id": 5,
      "line": 0,
      "label": "endfor"
    },
    {
      "id": 6,
      "line": 7,
      "label": "if (str.charAt(i) == 'e')"
    },
    {
      "id": 7,
      "line": 8,
      "label": "num++"
    },
    {
      "id": 8,
      "line": 0,
      "label": "endif"
    },
    {
      "id": 9,
      "line": 10,
      "label": "return 1 <= num && num <= 3;"
    }
  ],

  "edges": [
    {
      "id": 0,
      "source": 0,
      "target": 1,
      "label": ""
    },
    {
      "id": 1,
      "source": 1,
      "target": 2,
      "label": ""
    },
    {
      "id": 2,
      "source": 2,
      "target": 3,
      "label": ""
    },
    {
      "id": 3,
      "source": 3,
      "target": 5,
      "label": "False"
    },
    {
      "id": 4,
      "source": 3,
      "target": 6,
      "label": "True"
    },
    {
      "id": 5,
      "source": 6,
      "target": 7,
      "label": "True"
    },
    {
      "id": 6,
      "source": 7,
      "target": 8,
      "label": ""
    },
    {
      "id": 7,
      "source": 6,
      "target": 8,
      "label": "False"
    },
    {
      "id": 8,
      "source": 8,
      "target": 4,
      "label": ""
    },
    {
      "id": 9,
      "source": 4,
      "target": 3,
      "label": ""
    },
    {
      "id": 10,
      "source": 5,
      "target": 9,
      "label": ""
    }
  ]
}
