{
  "directed": true,
  "multigraph": true,
  "label": "CFG of Warmup1Startoz.java",
  "type": "Control Flow Graph (CFG)",
  "file": "Warmup1Startoz.java",
  "package": "",

  "nodes": [
    {
      "id": 0,
      "line": 6,
      "label": "String startOz(String str)"
    },
    {
      "id": 1,
      "line": 7,
      "label": "String result = ''"
    },
    {
      "id": 2,
      "line": 9,
      "label": "if (str.length() >= 1 && str.charAt(0) == 'o')"
    },
    {
      "id": 3,
      "line": 10,
      "label": "result += str.charAt(0)"
    },
    {
      "id": 4,
      "line": 0,
      "label": "endif"
    },
    {
      "id": 5,
      "line": 12,
      "label": "if (str.length() >= 2 && str.charAt(1) == 'z')"
    },
    {
      "id": 6,
      "line": 13,
      "label": "result += str.charAt(1)"
    },
    {
      "id": 7,
      "line": 0,
      "label": "endif"
    },
    {
      "id": 8,
      "line": 15,
      "label": "return result;"
    }
  ],

  "edges": [
    {
      "id": 0,
      "source": 0,
      "target": 1,
      "label": ""
    },
    {
      "id": 1,
      "source": 1,
      "target": 2,
      "label": ""
    },
    {
      "id": 2,
      "source": 2,
      "target": 3,
      "label": "True"
    },
    {
      "id": 3,
      "source": 3,
      "target": 4,
      "label": ""
    },
    {
      "id": 4,
      "source": 2,
      "target": 4,
      "label": "False"
    },
    {
      "id": 5,
      "source": 4,
      "target": 5,
      "label": ""
    },
    {
      "id": 6,
      "source": 5,
      "target": 6,
      "label": "True"
    },
    {
      "id": 7,
      "source": 6,
      "target": 7,
      "label": ""
    },
    {
      "id": 8,
      "source": 5,
      "target": 7,
      "label": "False"
    },
    {
      "id": 9,
      "source": 7,
      "target": 8,
      "label": ""
    }
  ]
}
