{
  "directed": true,
  "multigraph": true,
  "label": "CFG of Warmup1Starthi.java",
  "type": "Control Flow Graph (CFG)",
  "file": "Warmup1Starthi.java",
  "package": "",

  "nodes": [
    {
      "id": 0,
      "line": 5,
      "label": "boolean startHi(String str)"
    },
    {
      "id": 1,
      "line": 6,
      "label": "return str.length() >= 2 && str.substring(0, 2).equals('hi');"
    }
  ],

  "edges": [
    {
      "id": 0,
      "source": 0,
      "target": 1,
      "label": ""
    }
  ]
}
