{
  "directed": true,
  "multigraph": true,
  "label": "CFG of Warmup1Intmax.java",
  "type": "Control Flow Graph (CFG)",
  "file": "Warmup1Intmax.java",
  "package": "",

  "nodes": [
    {
      "id": 0,
      "line": 4,
      "label": "int intMax(int a, int b, int c)"
    },
    {
      "id": 1,
      "line": 5,
      "label": "int largest = a"
    },
    {
      "id": 2,
      "line": 7,
      "label": "if (b > largest)"
    },
    {
      "id": 3,
      "line": 8,
      "label": "largest = b"
    },
    {
      "id": 4,
      "line": 0,
      "label": "endif"
    },
    {
      "id": 5,
      "line": 10,
      "label": "if (c > largest)"
    },
    {
      "id": 6,
      "line": 11,
      "label": "largest = c"
    },
    {
      "id": 7,
      "line": 0,
      "label": "endif"
    },
    {
      "id": 8,
      "line": 13,
      "label": "return largest;"
    }
  ],

  "edges": [
    {
      "id": 0,
      "source": 0,
      "target": 1,
      "label": ""
    },
    {
      "id": 1,
      "source": 1,
      "target": 2,
      "label": ""
    },
    {
      "id": 2,
      "source": 2,
      "target": 3,
      "label": "True"
    },
    {
      "id": 3,
      "source": 3,
      "target": 4,
      "label": ""
    },
    {
      "id": 4,
      "source": 2,
      "target": 4,
      "label": "False"
    },
    {
      "id": 5,
      "source": 4,
      "target": 5,
      "label": ""
    },
    {
      "id": 6,
      "source": 5,
      "target": 6,
      "label": "True"
    },
    {
      "id": 7,
      "source": 6,
      "target": 7,
      "label": ""
    },
    {
      "id": 8,
      "source": 5,
      "target": 7,
      "label": "False"
    },
    {
      "id": 9,
      "source": 7,
      "target": 8,
      "label": ""
    }
  ]
}
