{
  "directed": true,
  "multigraph": true,
  "label": "CFG of Warmup1Parrottrouble.java",
  "type": "Control Flow Graph (CFG)",
  "file": "Warmup1Parrottrouble.java",
  "package": "",

  "nodes": [
    {
      "id": 0,
      "line": 6,
      "label": "boolean parrotTrouble(boolean talking, int hour)"
    },
    {
      "id": 1,
      "line": 7,
      "label": "return talking && (hour < 7 || hour > 20);"
    }
  ],

  "edges": [
    {
      "id": 0,
      "source": 0,
      "target": 1,
      "label": ""
    }
  ]
}
