{
  "directed": true,
  "multigraph": true,
  "label": "CFG of Warmup1Loneteen.java",
  "type": "Control Flow Graph (CFG)",
  "file": "Warmup1Loneteen.java",
  "package": "",

  "nodes": [
    {
      "id": 0,
      "line": 5,
      "label": "boolean loneTeen(int a, int b)"
    },
    {
      "id": 1,
      "line": 6,
      "label": "boolean aTeen = 13 <= a && a <= 19"
    },
    {
      "id": 2,
      "line": 7,
      "label": "boolean bTeen = 13 <= b && b <= 19"
    },
    {
      "id": 3,
      "line": 9,
      "label": "return aTeen != bTeen;"
    }
  ],

  "edges": [
    {
      "id": 0,
      "source": 0,
      "target": 1,
      "label": ""
    },
    {
      "id": 1,
      "source": 1,
      "target": 2,
      "label": ""
    },
    {
      "id": 2,
      "source": 2,
      "target": 3,
      "label": ""
    }
  ]
}
