{
  "directed": true,
  "multigraph": true,
  "label": "CFG of Warmup2Stringyak.java",
  "type": "Control Flow Graph (CFG)",
  "file": "Warmup2Stringyak.java",
  "package": "",

  "nodes": [
    {
      "id": 0,
      "line": 6,
      "label": "String stringYak(String str)"
    },
    {
      "id": 1,
      "line": 7,
      "label": "char[] result = new char[str.length()]"
    },
    {
      "id": 2,
      "line": 8,
      "label": "int count = 0"
    },
    {
      "id": 3,
      "line": 10,
      "label": "int i = 0"
    },
    {
      "id": 4,
      "line": 10,
      "label": "for (i < str.length())"
    },
    {
      "id": 5,
      "line": 10,
      "label": " ; "
    },
    {
      "id": 6,
      "line": 0,
      "label": "endfor"
    },
    {
      "id": 7,
      "line": 11,
      "label": "if (i < str.length() - 2 && str.charAt(i) == 'y' && 
            str.charAt(i + 2) == 'k')"
    },
    {
      "id": 8,
      "line": 13,
      "label": "i += 3"
    },
    {
      "id": 9,
      "line": 0,
      "label": "endif"
    },
    {
      "id": 10,
      "line": 15,
      "label": "result[count] = str.charAt(i)"
    },
    {
      "id": 11,
      "line": 16,
      "label": "count++"
    },
    {
      "id": 12,
      "line": 17,
      "label": "i++"
    },
    {
      "id": 13,
      "line": 21,
      "label": "return new String(result, 0, count);"
    }
  ],

  "edges": [
    {
      "id": 0,
      "source": 0,
      "target": 1,
      "label": ""
    },
    {
      "id": 1,
      "source": 1,
      "target": 2,
      "label": ""
    },
    {
      "id": 2,
      "source": 2,
      "target": 3,
      "label": ""
    },
    {
      "id": 3,
      "source": 3,
      "target": 4,
      "label": ""
    },
    {
      "id": 4,
      "source": 4,
      "target": 6,
      "label": "False"
    },
    {
      "id": 5,
      "source": 4,
      "target": 7,
      "label": "True"
    },
    {
      "id": 6,
      "source": 7,
      "target": 8,
      "label": "True"
    },
    {
      "id": 7,
      "source": 8,
      "target": 9,
      "label": ""
    },
    {
      "id": 8,
      "source": 7,
      "target": 10,
      "label": "False"
    },
    {
      "id": 9,
      "source": 10,
      "target": 11,
      "label": ""
    },
    {
      "id": 10,
      "source": 11,
      "target": 12,
      "label": ""
    },
    {
      "id": 11,
      "source": 12,
      "target": 9,
      "label": ""
    },
    {
      "id": 12,
      "source": 9,
      "target": 5,
      "label": ""
    },
    {
      "id": 13,
      "source": 5,
      "target": 4,
      "label": ""
    },
    {
      "id": 14,
      "source": 6,
      "target": 13,
      "label": ""
    }
  ]
}
