{
  "directed": true,
  "multigraph": true,
  "label": "CFG of Warmup2Altpairs.java",
  "type": "Control Flow Graph (CFG)",
  "file": "Warmup2Altpairs.java",
  "package": "",

  "nodes": [
    {
      "id": 0,
      "line": 5,
      "label": "String altPairs(String str)"
    },
    {
      "id": 1,
      "line": 6,
      "label": "char[] result = new char[str.length()]"
    },
    {
      "id": 2,
      "line": 7,
      "label": "int count = 0"
    },
    {
      "id": 3,
      "line": 9,
      "label": "int i = 0"
    },
    {
      "id": 4,
      "line": 10,
      "label": "int inc = 1"
    },
    {
      "id": 5,
      "line": 11,
      "label": "while (i < str.length())"
    },
    {
      "id": 6,
      "line": 0,
      "label": "endwhile"
    },
    {
      "id": 7,
      "line": 12,
      "label": "result[count] = str.charAt(i)"
    },
    {
      "id": 8,
      "line": 13,
      "label": "count++"
    },
    {
      "id": 9,
      "line": 14,
      "label": "i += inc"
    },
    {
      "id": 10,
      "line": 16,
      "label": "if (inc == 1)"
    },
    {
      "id": 11,
      "line": 17,
      "label": "inc = 3"
    },
    {
      "id": 12,
      "line": 0,
      "label": "endif"
    },
    {
      "id": 13,
      "line": 19,
      "label": "inc = 1"
    },
    {
      "id": 14,
      "line": 22,
      "label": "return new String(result, 0, count);"
    }
  ],

  "edges": [
    {
      "id": 0,
      "source": 0,
      "target": 1,
      "label": ""
    },
    {
      "id": 1,
      "source": 1,
      "target": 2,
      "label": ""
    },
    {
      "id": 2,
      "source": 2,
      "target": 3,
      "label": ""
    },
    {
      "id": 3,
      "source": 3,
      "target": 4,
      "label": ""
    },
    {
      "id": 4,
      "source": 4,
      "target": 5,
      "label": ""
    },
    {
      "id": 5,
      "source": 5,
      "target": 6,
      "label": "False"
    },
    {
      "id": 6,
      "source": 5,
      "target": 7,
      "label": "True"
    },
    {
      "id": 7,
      "source": 7,
      "target": 8,
      "label": ""
    },
    {
      "id": 8,
      "source": 8,
      "target": 9,
      "label": ""
    },
    {
      "id": 9,
      "source": 9,
      "target": 10,
      "label": ""
    },
    {
      "id": 10,
      "source": 10,
      "target": 11,
      "label": "True"
    },
    {
      "id": 11,
      "source": 11,
      "target": 12,
      "label": ""
    },
    {
      "id": 12,
      "source": 10,
      "target": 13,
      "label": "False"
    },
    {
      "id": 13,
      "source": 13,
      "target": 12,
      "label": ""
    },
    {
      "id": 14,
      "source": 12,
      "target": 5,
      "label": ""
    },
    {
      "id": 15,
      "source": 6,
      "target": 14,
      "label": ""
    }
  ]
}
