{
  "directed": true,
  "multigraph": true,
  "label": "CFG of Warmup2Arrayfront9.java",
  "type": "Control Flow Graph (CFG)",
  "file": "Warmup2Arrayfront9.java",
  "package": "",

  "nodes": [
    {
      "id": 0,
      "line": 5,
      "label": "boolean arrayFront9(int[] nums)"
    },
    {
      "id": 1,
      "line": 6,
      "label": "int i = 0"
    },
    {
      "id": 2,
      "line": 8,
      "label": "while (i < nums.length && i < 4)"
    },
    {
      "id": 3,
      "line": 0,
      "label": "endwhile"
    },
    {
      "id": 4,
      "line": 9,
      "label": "if (nums[i] == 9)"
    },
    {
      "id": 5,
      "line": 10,
      "label": "return true;"
    },
    {
      "id": 6,
      "line": 0,
      "label": "endif"
    },
    {
      "id": 7,
      "line": 12,
      "label": "i++"
    },
    {
      "id": 8,
      "line": 15,
      "label": "return false;"
    }
  ],

  "edges": [
    {
      "id": 0,
      "source": 0,
      "target": 1,
      "label": ""
    },
    {
      "id": 1,
      "source": 1,
      "target": 2,
      "label": ""
    },
    {
      "id": 2,
      "source": 2,
      "target": 3,
      "label": "False"
    },
    {
      "id": 3,
      "source": 2,
      "target": 4,
      "label": "True"
    },
    {
      "id": 4,
      "source": 4,
      "target": 5,
      "label": "True"
    },
    {
      "id": 5,
      "source": 4,
      "target": 6,
      "label": "False"
    },
    {
      "id": 6,
      "source": 6,
      "target": 7,
      "label": ""
    },
    {
      "id": 7,
      "source": 7,
      "target": 2,
      "label": ""
    },
    {
      "id": 8,
      "source": 3,
      "target": 8,
      "label": ""
    }
  ]
}
