{
  "directed": true,
  "multigraph": true,
  "label": "CFG of Warmup1Nearhundred.java",
  "type": "Control Flow Graph (CFG)",
  "file": "Warmup1Nearhundred.java",
  "package": "",

  "nodes": [
    {
      "id": 0,
      "line": 5,
      "label": "boolean nearHundred(int n)"
    },
    {
      "id": 1,
      "line": 6,
      "label": "return Math.abs(n - 100) <= 10 || Math.abs(n - 200) <= 10;"
    }
  ],

  "edges": [
    {
      "id": 0,
      "source": 0,
      "target": 1,
      "label": ""
    }
  ]
}
