{
  "directed": true,
  "multigraph": true,
  "label": "CFG of Warmup1Mixstart.java",
  "type": "Control Flow Graph (CFG)",
  "file": "Warmup1Mixstart.java",
  "package": "",

  "nodes": [
    {
      "id": 0,
      "line": 5,
      "label": "boolean mixStart(String str)"
    },
    {
      "id": 1,
      "line": 6,
      "label": "return str.length() >= 3 && str.substring(1, 3).equals('ix');"
    }
  ],

  "edges": [
    {
      "id": 0,
      "source": 0,
      "target": 1,
      "label": ""
    }
  ]
}
