{
  "directed": true,
  "multigraph": true,
  "label": "CFG of Warmup2Doublex.java",
  "type": "Control Flow Graph (CFG)",
  "file": "Warmup2Doublex.java",
  "package": "",

  "nodes": [
    {
      "id": 0,
      "line": 5,
      "label": "boolean doubleX(String str)"
    },
    {
      "id": 1,
      "line": 6,
      "label": "int i = 0"
    },
    {
      "id": 2,
      "line": 6,
      "label": "for (i < str.length() - 1)"
    },
    {
      "id": 3,
      "line": 6,
      "label": "i++"
    },
    {
      "id": 4,
      "line": 0,
      "label": "endfor"
    },
    {
      "id": 5,
      "line": 7,
      "label": "if (str.charAt(i) == 'x')"
    },
    {
      "id": 6,
      "line": 8,
      "label": "if (str.charAt(i + 1) == 'x')"
    },
    {
      "id": 7,
      "line": 9,
      "label": "return true;"
    },
    {
      "id": 8,
      "line": 0,
      "label": "endif"
    },
    {
      "id": 9,
      "line": 11,
      "label": "return false;"
    },
    {
      "id": 10,
      "line": 0,
      "label": "endif"
    },
    {
      "id": 11,
      "line": 14,
      "label": "return false;"
    }
  ],

  "edges": [
    {
      "id": 0,
      "source": 0,
      "target": 1,
      "label": ""
    },
    {
      "id": 1,
      "source": 1,
      "target": 2,
      "label": ""
    },
    {
      "id": 2,
      "source": 2,
      "target": 4,
      "label": "False"
    },
    {
      "id": 3,
      "source": 2,
      "target": 5,
      "label": "True"
    },
    {
      "id": 4,
      "source": 5,
      "target": 6,
      "label": "True"
    },
    {
      "id": 5,
      "source": 6,
      "target": 7,
      "label": "True"
    },
    {
      "id": 6,
      "source": 6,
      "target": 9,
      "label": "False"
    },
    {
      "id": 7,
      "source": 8,
      "target": 10,
      "label": ""
    },
    {
      "id": 8,
      "source": 5,
      "target": 10,
      "label": "False"
    },
    {
      "id": 9,
      "source": 10,
      "target": 3,
      "label": ""
    },
    {
      "id": 10,
      "source": 3,
      "target": 2,
      "label": ""
    },
    {
      "id": 11,
      "source": 4,
      "target": 11,
      "label": ""
    }
  ]
}
