{
  "directed": true,
  "multigraph": true,
  "label": "CFG of Warmup2Stringmatch.java",
  "type": "Control Flow Graph (CFG)",
  "file": "Warmup2Stringmatch.java",
  "package": "",

  "nodes": [
    {
      "id": 0,
      "line": 7,
      "label": "int stringMatch(String a, String b)"
    },
    {
      "id": 1,
      "line": 8,
      "label": "int min = Math.min(a.length(), b.length())"
    },
    {
      "id": 2,
      "line": 9,
      "label": "int count = 0"
    },
    {
      "id": 3,
      "line": 11,
      "label": "int i = 0"
    },
    {
      "id": 4,
      "line": 11,
      "label": "for (i < min - 1)"
    },
    {
      "id": 5,
      "line": 11,
      "label": "i++"
    },
    {
      "id": 6,
      "line": 0,
      "label": "endfor"
    },
    {
      "id": 7,
      "line": 12,
      "label": "if (a.substring(i, i + 2).equals(b.substring(i, i + 2)))"
    },
    {
      "id": 8,
      "line": 13,
      "label": "count++"
    },
    {
      "id": 9,
      "line": 0,
      "label": "endif"
    },
    {
      "id": 10,
      "line": 16,
      "label": "return count;"
    }
  ],

  "edges": [
    {
      "id": 0,
      "source": 0,
      "target": 1,
      "label": ""
    },
    {
      "id": 1,
      "source": 1,
      "target": 2,
      "label": ""
    },
    {
      "id": 2,
      "source": 2,
      "target": 3,
      "label": ""
    },
    {
      "id": 3,
      "source": 3,
      "target": 4,
      "label": ""
    },
    {
      "id": 4,
      "source": 4,
      "target": 6,
      "label": "False"
    },
    {
      "id": 5,
      "source": 4,
      "target": 7,
      "label": "True"
    },
    {
      "id": 6,
      "source": 7,
      "target": 8,
      "label": "True"
    },
    {
      "id": 7,
      "source": 8,
      "target": 9,
      "label": ""
    },
    {
      "id": 8,
      "source": 7,
      "target": 9,
      "label": "False"
    },
    {
      "id": 9,
      "source": 9,
      "target": 5,
      "label": ""
    },
    {
      "id": 10,
      "source": 5,
      "target": 4,
      "label": ""
    },
    {
      "id": 11,
      "source": 6,
      "target": 10,
      "label": ""
    }
  ]
}
