{
  "directed": true,
  "multigraph": true,
  "label": "CFG of Warmup1Diff21.java",
  "type": "Control Flow Graph (CFG)",
  "file": "Warmup1Diff21.java",
  "package": "",

  "nodes": [
    {
      "id": 0,
      "line": 5,
      "label": "int diff21(int n)"
    },
    {
      "id": 1,
      "line": 6,
      "label": "if (n <= 21)"
    },
    {
      "id": 2,
      "line": 7,
      "label": "return 21 - n;"
    },
    {
      "id": 3,
      "line": 0,
      "label": "endif"
    },
    {
      "id": 4,
      "line": 9,
      "label": "return 2 * (n - 21);"
    }
  ],

  "edges": [
    {
      "id": 0,
      "source": 0,
      "target": 1,
      "label": ""
    },
    {
      "id": 1,
      "source": 1,
      "target": 2,
      "label": "True"
    },
    {
      "id": 2,
      "source": 1,
      "target": 3,
      "label": "False"
    },
    {
      "id": 3,
      "source": 3,
      "target": 4,
      "label": ""
    }
  ]
}
