{
  "directed": true,
  "multigraph": true,
  "label": "CFG of Warmup1Max1020.java",
  "type": "Control Flow Graph (CFG)",
  "file": "Warmup1Max1020.java",
  "package": "",

  "nodes": [
    {
      "id": 0,
      "line": 5,
      "label": "int max1020(int a, int b)"
    },
    {
      "id": 1,
      "line": 6,
      "label": "if (b > a)"
    },
    {
      "id": 2,
      "line": 7,
      "label": "a = a + b"
    },
    {
      "id": 3,
      "line": 8,
      "label": "b = a - b"
    },
    {
      "id": 4,
      "line": 9,
      "label": "a = a - b"
    },
    {
      "id": 5,
      "line": 0,
      "label": "endif"
    },
    {
      "id": 6,
      "line": 12,
      "label": "if (10 <= a && a <= 20)"
    },
    {
      "id": 7,
      "line": 13,
      "label": "return a;"
    },
    {
      "id": 8,
      "line": 0,
      "label": "endif"
    },
    {
      "id": 9,
      "line": 15,
      "label": "if (10 <= b && b <= 20)"
    },
    {
      "id": 10,
      "line": 16,
      "label": "return b;"
    },
    {
      "id": 11,
      "line": 0,
      "label": "endif"
    },
    {
      "id": 12,
      "line": 18,
      "label": "return 0;"
    }
  ],

  "edges": [
    {
      "id": 0,
      "source": 0,
      "target": 1,
      "label": ""
    },
    {
      "id": 1,
      "source": 1,
      "target": 2,
      "label": "True"
    },
    {
      "id": 2,
      "source": 2,
      "target": 3,
      "label": ""
    },
    {
      "id": 3,
      "source": 3,
      "target": 4,
      "label": ""
    },
    {
      "id": 4,
      "source": 4,
      "target": 5,
      "label": ""
    },
    {
      "id": 5,
      "source": 1,
      "target": 5,
      "label": "False"
    },
    {
      "id": 6,
      "source": 5,
      "target": 6,
      "label": ""
    },
    {
      "id": 7,
      "source": 6,
      "target": 7,
      "label": "True"
    },
    {
      "id": 8,
      "source": 6,
      "target": 8,
      "label": "False"
    },
    {
      "id": 9,
      "source": 8,
      "target": 9,
      "label": ""
    },
    {
      "id": 10,
      "source": 9,
      "target": 10,
      "label": "True"
    },
    {
      "id": 11,
      "source": 9,
      "target": 11,
      "label": "False"
    },
    {
      "id": 12,
      "source": 11,
      "target": 12,
      "label": ""
    }
  ]
}
