{
  "directed": true,
  "multigraph": true,
  "label": "CFG of Warmup1Sumdouble.java",
  "type": "Control Flow Graph (CFG)",
  "file": "Warmup1Sumdouble.java",
  "package": "",

  "nodes": [
    {
      "id": 0,
      "line": 5,
      "label": "int sumDouble(int a, int b)"
    },
    {
      "id": 1,
      "line": 6,
      "label": "int sum = a + b"
    },
    {
      "id": 2,
      "line": 7,
      "label": "if (a == b)"
    },
    {
      "id": 3,
      "line": 8,
      "label": "return 2 * sum;"
    },
    {
      "id": 4,
      "line": 0,
      "label": "endif"
    },
    {
      "id": 5,
      "line": 10,
      "label": "return sum;"
    }
  ],

  "edges": [
    {
      "id": 0,
      "source": 0,
      "target": 1,
      "label": ""
    },
    {
      "id": 1,
      "source": 1,
      "target": 2,
      "label": ""
    },
    {
      "id": 2,
      "source": 2,
      "target": 3,
      "label": "True"
    },
    {
      "id": 3,
      "source": 2,
      "target": 4,
      "label": "False"
    },
    {
      "id": 4,
      "source": 4,
      "target": 5,
      "label": ""
    }
  ]
}
